标题,链接,内容
大概，他们就是世上活得最明白的人吧,https://zhuanlan.zhihu.com/p/34071826,"年夏天，在北京金鱼胡同打了辆车。
司机师傅右臂刺了个麒麟。
他说，是年轻时去天津刺的，为了个女孩儿。
“现在要洗掉也得一千多块，还疼，就算了留着吧。”
他说，冬天还好，夏天就老得跟乘客解释这刺青来由。
不过，“留着吧，当一念想。”
我很想问他那个女孩儿的事。想了想，还是没问。
十几年前，我第二次去北京时，在长安街打车，半天没车搭理。
一辆车子驶慢着，从我身旁滑过，司机一路打手势，把我往一边路上引，我跟过去了。到旁边小路，司机容我上了车，劈头盖脑就说：
“我本来都要回家，不载了，看你在（第三声）那儿，我着急呀！你知道你为啥打不到车吗？这是长安街！北京就这么一条长安街！中国就这么一条长安街！亚洲就这么一条长安街！地球太阳系银河系就这么一条长安街！你在这儿打到头发白了都打不到我告诉你！我看着可着急了！说，要去哪儿！”
年月日，巴塞罗那。我和两个男生朋友一起抢上出租车，请司机去诺坎普球场。司机问我们，哪个门？我们愣住了——此前我们没去过诺坎普，球票则是我们三人的女朋友们三位女生去取的。我们模模糊糊地唠了几句，说，大概就在，球场西南，角球区那一带。司机听罢，思忖了一下，说，那么应该把你们放到号门附近比较好，这样你们去或者，都不用太绕弯。说完这句，颇为自豪地补了句：
“我对诺坎普可熟了！”
我们一起鼓掌点头。
到了地方，司机又问了我们句：“你们当然是支持巴萨，不是支持赫塔菲的，对吧？”
“对！”
“FçBç！”
年秋天，天津。一位司机慢悠悠晃着车，看我伸手打，矜持地飘了过来。
我一上车，司机先问：“让听音乐不？”
“您请。”
司机拧开音乐。我一听，嚯。“袁阔成老爷子的三国。”
“您也听？”
“我也听。”
“您哪儿人哪？”
“我无锡人。”
“口音听不出来啊。您哪儿是不是听张国良先生的三国？”
“是吧。”
“我就不爱听那个，什么十虎战曹彰，没法听！”
“是，我也就爱听袁先生的。”
“哎我就爱跟您这路客人聊天，舒服。一般来打车的，不让我听说书，还让我非给调情啊爱啊的歌。还调呢，我唱给他听多好啊！”
“是不能惯着。”
“嗨！”
到地方了，我找零钱，少了一块，他一挥手，“得了！算啦！咱俩有缘！”
年夏天，一行四人，二男二女，去尼斯。打了辆车。
司机师傅看了看我们，对其中一位女士说：“您身材最好，请您坐我右手边吧！”
那位姑娘乐了一路。直到司机送到地方，让我们下车，道声再见开走后，她才意识过来。
“我一个人坐前面，你们三个人坐后面……他这意思是，我是四个人里最胖的？！？！”
年春天，葡萄牙马德拉。出门到海滨大道，见一位出租车司机大叔，腆圆肚子亮大光头，车旁支一把椅子睡午觉。
跟他说声去农贸市场，大叔懒洋洋睁眼，拿别扭的英语说：
农贸市场走过去也就两百米，打车得绕山，反倒要欧元，还是走着去吧！
我跟大叔说：我是游客，人生地不熟。大叔从椅子上支起身子，端端大肚子：走走，带你去！
——走出二百余米，一指前方一个五颜六色的建筑：就那里啦！旅途愉快！
——转身回去，接着睡午觉。
年，秋天的某夜，我和一个朋友——女的——在亮马桥吃完饭，打车。打不到。她住望京，我住金鱼胡同。
“打个顺风车吧——先上车再说！”
“好！”
打了个去望京的顺风车，来了辆车——司机也是在亮马桥附近吃饭的，正回去呢：他自己住雍和宫那儿。
“走喽！”
上了车，我朋友先开口，“对不住啊师傅。”
“怎么？”
“我是住望京，我朋友他住金鱼胡同……您送完了我再送他吧？我们是没法子叫不到车才这么办的……”
“这……有点难办哪，这绕远儿啊！”
“我补您钱吧。”我说。
“这不是钱的事儿哥们。”
“那得，”我说，“我就这儿下车，再自己想法子吧……”
“不行，你难得来北京一趟，大晚上的，你……”
我朋友抿了嘴，蹙眉，双手合十，默默无语；司机后视镜里看着我们，许久，叹了口气。
“得嘞！反正明儿礼拜六，没事。”
到望京了。我看她下车，朝她挥挥手。司机问我：“不下车告个别？”
“不用了吧……那，金鱼胡同，谢谢。”
司机看看我朋友的背影，问我：“哥们，你刚上车那会儿，我不是不肯帮忙，就是……我是说，你如果不回金鱼胡同，今晚上不就能住这儿了吗？”
“啊？我没想住这儿啊。”
司机后视镜里看看我：“哎，敢情这不是你女朋友啊？”
我：“不是。”
司机沉默了一会儿后，叹了口气，道：“暂时不是……以后可以是的嘛！我看，这，这就挺好。”
我：“……以后应该也不会是。”
司机师傅轻叹一声，眼望前方，说：“年轻人，不要把话说死了，人怎么知道自己将来会遇到什么样的感情呢？我们是什么都见过了，所以吧，什么都懂；像我，哎，我以前啊，也没想到自己会是这样的……”
"
“我们是逼死了人，可你也不该出来揭露呀！”,https://zhuanlan.zhihu.com/p/35355991,"张无忌学医的师父胡青牛，有个妹妹胡青羊；她救了华山派的鲜于通——那时，鲜于通正因为始乱终弃，被报复性下毒，生命垂危呢——以身相许，不料始乱终弃的惯犯鲜于通又抛了胡青羊。
胡青羊自尽了。胡青牛难过之极，引为终身恨事，告诉了张无忌。
光明顶上，张无忌排难解纷当六强，跟鲜于通交手，以彼之道还施彼身，让鲜于通中了自己放出的金蚕蛊毒，逼他当众认罪。
不料鲜于通痛苦之下，招认出了亏心事：不是逼死胡青羊，而是害死自己师兄白垣，嫁祸明教。
——用赵本山的话说：“还有意外收获！！”
——因为在始乱终弃专业户鲜于掌门心里，胡青羊是自杀的，不关他事；白垣却是他亲手害死的，心里倒真有些阴影。
按说到此为止，就是一个无耻之徒现形记。张无忌替华山派揪出一个坑害同门、阴险狡诈的杀人犯，华山派该当谢他才是。
然而好戏登场了。
华山派里，跳出一个高老者，一个矮老者，两位前辈高人。
矮老者向张无忌道：“我师兄弟是鲜于通这家伙的师叔，你帮我华山派弄明白了门户中的一件大事，令我白垣师侄沉冤得雪，谢谢你啦！”说着深深一揖。
——然后，矮老者厉声道：“可是我华山派的名声，却也给你这小子当众毁得不成模样，我师兄弟跟你拼了这两条老命！”
——看着是先礼后兵，但细想想，他这是什么鬼逻辑？
张无忌脑子还算清楚，替他们华山派找台阶下，说：
“华山派清者自清，浊者自浊，偶尔出一个败类，不碍贵派威名。武林中不肖之徒，各大门派均在所难免，两位何必耿耿于怀？”
说得多得体？
然而高矮二人还是要打，俩老头围着张无忌一个打，打半天自然是打不过，于是好玩的又来了。
高老者大忽悠，说华山昆仑有一套正反两仪，配合起来天下无敌。还直接放话：
“昆仑派中除了铁琴先生夫妇，常人也不配和我师兄弟联手。就不知何掌门有这胆量没有？”
——硬生生把他们华山派的破事，跟昆仑派搅和上了。
之后就是昆仑派与华山派联手，四个高手打张无忌一个，一度大占上风，逼得周芷若在旁卖萌指点。
自然，最后，张无忌还是赢了，但此刻水已搅浑，丢人的已不止华山派，又带上了昆仑派。
妙在高老者还是很洒脱，笑道：“胜败乃兵家常事，老子是满不在乎的。”
之后昆仑派撒泼，偷袭张无忌未遂，杀了鲜于通。高老者又出来抢镜头：
“昆仑派的泼妇，你杀了本派掌门，华山派可跟你不能算完。”
就这样，光明顶大战，其实最丢人的还是华山派。
然而七扯八拉，居然就过去了。
金庸先生写的是武林，聊的却是人事。
以前写过，帮就是地方自营组织，巨鲸帮啦、巫山帮啦，那都是有组织的社会人。
派，比如五岳剑派，比如武当少林，不干打家劫舍的勾当：他们是武术学院嘛。
华山派，出了鲜于通一个负心薄幸的臭流氓，坑害无数姑娘，又害死了师兄，自己当了学院院长；这种无耻的学术腐败、逼死人的破事，被张无忌当众揭穿。
然而华山派的校方不想着追责，不想着对社会有个交代，不想着自清门户，不想着感激张无忌，却想先把张无忌给对付了。
哪怕张无忌给他们台阶下了，“华山派偶尔出个败类，不碍贵派威名”，但华山派还是要撒泼打滚闹到底。
这里的潜台词是：
“我们是犯了错，可是你怎么能当众揭露呢？”
——《红楼梦》里，焦大所谓“胳膊折了往袖子里藏”，就是这个意思了。
——韦爵爷在《鹿鼎记》里说，当官的诀窍就是花花轿子人抬人，嘻嘻，就是这个道理了。
之后，华山派发现没法对付张无忌，既然堵不住嘴，便把昆仑派也拉下水，搞成利益共同体，一起去封张无忌。反正，最后要丢人一起丢，就是不能华山派自己一门丢人。
之后昆仑派替华山派处理了罪人，华山派还要去追责：
“我们华山派的人也轮得到你杀？”
——这就是体制的威力，组织的魔力。
——所以，为什么许多人都想找个靠山？
因为作恶有人替你背锅，犯事有人替你遮羞；背靠华山派，就等于逼迫整个华山派为你擦屁股，如此做起无耻的事来，尤其肆无忌惮。
而华山派的每个人，并没意识到自己在协助作恶，他们只觉得在维护自己华山派的体面。一如阿伦特所言，许多纳粹也没觉得自己在作恶，只是在维护组织的运转。
毕竟，华山派在意的，就是自己的面子上是否下得去。
至于是非曲直，死者是否冤枉，他人是否痛苦，他们大可以施施然道：
“胜败乃兵家常事，老子是满不在乎的！”
"
陈世峰杀害江歌事件里，刘鑫那扇始终紧闭的门,https://zhuanlan.zhihu.com/p/31003024,"江歌与刘鑫的这桩惨事，有点像马尔克斯的一篇小说，《事先张扬的凶杀案》。
在小说里，一个女孩因为新婚之夜不是处女而被退婚，被逼问下，便指认一个无辜青年纳赛尔是奸夫。女孩的兄弟——两个屠夫——出门去杀纳赛尔。纳赛尔逃回家，一个女仆在二楼，以为他已进门，就关了前门好阻挡那对屠夫，却把纳赛尔关在门外，被两位凶手杀害了。
在现实里，我们都知道了：去年冬天，在日本，江歌为了保护闺蜜刘鑫，被刘鑫的前男友杀害了，刘鑫没有开门——在最后审判结果出来前，我不排除她见死不救的嫌疑，不排除她闭门自保的嫌疑。
当时的反应可以窥见感性。危机之下，人都想自保，有怯有勇，无可厚非。
事后的反应，尤其是，是否给予精神上的姿态，是否展示同理心。却可窥见人的理性选择。
我个人支持重刑判决陈世峰——虽然我知道现有情况下，让他死刑，很难。
法律的作用有惩戒、教育、救济等，众所周知。陈世峰得到足够量的惩罚，能够体现法律的公正。以儆效尤，惩前毖后。
所以现在互联网上普遍不太提他，我觉得有些奇怪。
虽然此人罪大恶极，似已无争议，所以没啥讨论余地，但他依然配得上各种最重的刑法，再骂多少次都不为过。
尤其是，他与刘鑫在互联网待遇的对比，很容易让人想多了：对比刘鑫经历的一切，是什么在保护着他？
比如，是不是有一扇门在隔开他，尽力保护着他，隐藏着他呢？
当然，刘鑫也配得上一切指责。
事后，如我们所知，刘鑫置身事外。其父母甚至口出恶言。刘鑫甚至威胁不再配合调查。
然后，事隔二百多天后，拍了个视频。显然试图挽救自我形象。
在马尔克斯那个小说里，针对死者，有两种截然不同的反应。
——无意间将纳赛尔关在门外的女仆，事后痛悔多年。她悔恨自己不该误关了门，致使纳赛尔无路可走被杀。
——悲剧的始作俑者，指认纳赛尔的那个女孩，却始终冷漠，多年后依然一口咬定纳赛尔是奸夫，认为自己没错。
这两种反应，前者体现的是人基本的善良。后者则是完全的冷漠。
比冷漠更可怕的，是有意为之的邪恶。
刘鑫在这个事件中所做的一切，都很微妙。
按照现有线索：
当她需要帮助时，她找上了江歌。
在可能有危险时，她不报警，“因为我住在你这里是违法的”，无视了江歌可能面对的危险。
当她实际面对危险时，选择的是关门自闭，将江歌隔在外面。
当事后面对这些情状时，她选择的依然是关门，是隔绝信息，置身事外。
往好了想的可能是：
她缺乏基本的同理心，她是个纯粹自我中心的凉薄之人。情感上，她无法体会江歌母亲的悲伤。她只想躲起来置身事外。甚至可能，她都没告诉自己父母真相，她只是竭力开脱自己。她拒绝接受事实。她冷漠到毫无心肝。
这也可以是一种解释——在她现身拍视频之前，她就是冷漠而已。
但那个视频之后，不一样了。
很显然，当她站出来拍视频，试图跟江歌母亲沟通（但依然在视频中狡辩不已）时，她已经知道了事情的严重性。面对着江歌的母亲，她已经明确感受到了对方的痛苦。
但她还是没有承担应有的责任。
她最在意的，依然是自己。
犯罪心理学的特征之一是，能够冷静作恶的惯犯，普遍缺少情感同理心。
刘鑫这一年来的反应，可以解读为冷漠、迟钝、没心没肺、毫无同理心。
搁置事实，置身事外，等事情凉掉，发现事情似乎对自己不利，急忙出来打圆场，试图公关掉这件事，反过来自称网络暴力受害者。
这个剧本写得很好。是最息事宁人，最精确的利己主义作风。
所以，刘鑫与她的家庭，表现出来的，究竟是冷漠到毫无心肝，还是有预谋的冷静邪恶？
她总得选一样。
而无论哪一点，利己主义到全然忽视道德，大概是逃不掉了。
她事后所做的这些事，不啻为另一种伤害，残忍的，事后精神迫害。
当然，法律的制裁只能及于杀人犯。
法律上，刘鑫很可能无罪。
这是现在许多人为她洗白的说词。
的确，我们应该强调依法治国，不应该对刘鑫施加私刑。
但我们得多说一句：
就像那个故事里，悲剧的始作俑者是那个挑拨是非的女人；在现实中，杀人者是陈世峰，始作俑者却是他的女友刘鑫。
法律极难追溯始作俑者，但我们普通人的道德可以。
道德不靠强制力来实现，而依靠社会舆论、传统习惯和个人内心信念等力量发挥作用。道德当然无法代替法律，但相当多法律条文，是习惯性道德的表现。
道德在某种情况下（比如中国古代）是补全了民法的。
舆论无法代替法律审判刘鑫及其家庭，但可以有效地给予她以压力。
道德无法对她处以私刑，但身为旁观者，拥有言论自由，是可以表达对刘鑫一家之不满的。
当下的矛盾有很多。
但最主要的受害者，是已故的江歌、悲痛的母亲，以及她们尚未获得的正义。
当时杀害了江歌的陈世峰、事后以冷漠加害江歌母亲的刘鑫……很遗憾，他们的感受不是主要矛盾。
忽视主要受害者的感受，汲汲于加害者的感受，为刘鑫与陈世峰说话，说好听点，叫主次不分同理心用错了敌方，说难听点……来搅浑水的吧？
如果加害人并没有表现出积极的姿态，就急于照顾他们的感受，嚷嚷要保护他们……是不是对死者及其母亲太不公平了呢？
不，不用担心。我们的道德谴责，无法实际伤害陈世峰与刘鑫。我们普通人无力也无权施加刑罚。
至于近来有些人担心，会不会逼得加害人自己精神崩溃呢？——在漫长的二百多天时间里，刘鑫并没出场抚慰崩溃的江歌母亲，陈世峰则几乎完全消失。
我觉得，这两个加害人的家庭表现出来的姿态，比我们想象中坚强冷静得多，还来得及跟江歌母亲谈判，来推诿刘鑫的责任呢。
很可能，还在想法子保护陈世峰呢。
如果道德的谴责可以让道德有亏的人感到恐惧，让受苦厄的人（比如江歌的母亲）感受到支持，那就很好了。
如果有人为陈世峰与刘鑫辩白，也很正常：言论自由的时代嘛。每个人都有自由为加害人辩白。
一如，我们有自由，谴责陈世峰的残暴，以及刘鑫精致凉薄的利己主义。
以及，可能，那扇在试图隔开他们与我们之间的门。
最后一点。
许多人会念叨说，不该让舆论干扰司法。的确不应该。
但请注意：这句话针对的是司法者。
即，作为法律工作人员，应以“不让舆论干扰司法”来自律。
而作为普通社会大众、并无执法权的我们，却有足够的权利发出声音：
司法听不听是一回事，我们说不说是一回事。
比如，我可以表达，我希望陈世峰为他的罪行、刘鑫为她彻底的自私凉薄，付出点代价。
我希望法律能够公正裁决，惩前毖后；并在法律无法触及的角落，用自己的言论，给加害江歌及其母亲的人们，施加一点压力。
让始终躲在门后面的人，明白他与她无法永远躲着。
设若没有江歌母亲持续的呼告，大概刘鑫也不会肯出来做对话姿态了吧？
所以，将我们的姿态与愤怒传扬出去，是有意义的。
毕竟，事实证明，我们的言论，无法杀死陈世峰或刘鑫。
反过来，杀死江歌与伤害江歌母亲的，是刘鑫招惹来的杀人凶手陈世峰，是刘鑫的自私凉薄带来的事后精神迫害，以及他们俩背后，企图关起来，好完全摆脱责任的，那扇冰冷的门。
"
外国人喝冰水，中国人喝热水，一定是中外体质不同吧？,https://zhuanlan.zhihu.com/p/41947834,"那年冬天，我和几个朋友去瑞士某小城旅游，朋友吃不惯瑞士奶酪锅，行李箱里摸出早就备好的泡面，略一沉吟，去找酒店工作人员要点热水。
瑞士人一脸懵懂：热水？您要喝茶还是咖啡？
不不，只是热水。
瑞士人完全不能理解：你们要热水干什么呢？——按照规定，我们不能直接给顾客热水，您是要茶还是咖啡？……
后来掰扯了好一会儿，才在厨房讨到了热水；朋友回去就嘟囔：外国人真怪，自己喝冰水喝得滋儿滋儿的，还不让中国人喝热水；也不知道他们那身体怎么长的……
——大概许多人都这么寻思：一定是欧美人体质特殊，一直喝冰水也能活……
——然而并非如此。
——这更多是个习惯问题。
世纪，英国有本畅销书，《家政管理手册》，出版头十年里卖了万册，在英国市民阶层几乎人手一本。该书作者叫伊莎贝拉·比顿。这位夫人看着老练，其实写此书时年方岁——她丈夫塞缪尔·比顿当时靠出版《汤姆叔叔的小屋》发了大财，在出版行业呼风唤雨呢。
且说这本书里，有这么一段：
“老人与体弱的人应当回避冰，不喝冷的饮料，身上很热的人或刚运动过的人，绝对不要吃冷的东西，很容易得病，还可能送命。”
——您没看错，就在一百多年前，英国人那也是小心谨慎喝热水，看见冰水如毒药的劲头。
跟我们那些“噢哟哟不要喝冷水”的阿姨婆婆们，是不是如出一辙？
实际上，冷水与热水对身体的影响，重点不在温度，而在卫生。
人类喝水这问题，在讨论爱喝凉的还是爱喝热的之前，先得考虑卫生问题。
现代医学出现之前，人们不知道热水可以杀菌，只是根据经验，发现喝热水者相对不容易得病，于是就归纳出了“喝热水对健康好”，所以世界各国市民阶层，都流行喝热水。
倒不是欧美人格外不怕冷——饮水净化问题解决前，他们也是胆战心惊，要喝热水的。
实际上，为了洁净的饮水，欧洲人做过一些匪夷所思的努力。欧洲中世纪题材小说或电影，诸位王爷贵族，动不动举杯狂饮，让人觉得他们酒量真好，喝死不要命；其实那会儿，他们还没从阿拉伯引来蒸馏技术，喝的酒度数低，不上头。所谓葡萄酒，更接近葡萄汁；所谓啤酒，更像麦酒，烈度大概不超过今日江南人喝的酒酿、四川人饮的醪糟，埃及人修金字塔时，就喝啤酒，熬过尼罗河畔的烈日，也没有妨碍他们完成浩大工程。
欧洲人早年也没有细菌之类概念，但通过日常生活，也发现了：
喝酒易醉，但不拉肚子（他们不知道酒精杀菌）；喝水不醉，但容易得痢疾——那还是喝酒吧！
他们就是实心眼，没有像中国人似的喝热茶，无意间就煮水杀菌，解决了卫生问题。
中世纪到近代的欧洲人以喝酒为日常，夸张到什么地步呢？世纪，荷兰人是为欧洲最富，每人每天喝一升啤酒是为日常；啤酒连酿带买，太多了，于是果断用啤酒来洗地扫大街。哪位说了：太浪费了，用水好不好？荷兰人的概念是：咱们是填海造陆出来的，淡水难得，而且不知道是否干净，宁可用酒！须知早年间科技不发达时，净化水手续实在太复杂了。
弗兰西斯培根先生，“知识就是力量”，搞过无数民科试验，包括过滤水和蒸馏水；一旦发现如何搞蒸馏水，就在朋友圈里大肆自吹，极有面子：考虑到他老人家都世纪的人了，还能为了搞出蒸馏水在小圈子里得意，欧洲人民的饮水状况实在堪忧。
中国人民，那也不是长久以来都有条件喝热水。
明朝士大夫如张岱，还能细细分辨禊泉水，所谓秋月霜空，噀天为白，所谓轻岚出岫，缭松迷石，还懂得分辨水里的石腥气；与张岱交好的闵老子，喝惠山泉水，等到晚间，新泉涌上，汲了之后，装瓮放船，趁有好风才走，让水保持柔和清澈——这是有钱人。
而普通老百姓呢？
旧上海弄堂里的居民，自家烧水很麻烦，往往喝冷井水，或去老虎灶找热水喝；体力劳动者更是没法挑拣。黄包车夫这类，跑完了买卖能去茶馆坐一坐，跑路上渴了，那就只好找街边水槽，甚至跟牛马一起喝水——《骆驼祥子》里就有描述。
民国时，北京四合院富贵人家，有所谓甜水苦水之分。苦水用以洗衣养花，甜水用来喝。好的甜水可以卖，老天津人以前想卖力气的，就去南运河挑水，回来沿街叫卖，真有富人家肯花钱买水的：省得去跑一趟呢，而且敢直接舀一瓢来喝。而普通老百姓，那就随意喝凉水，碰运气吧。
所以了：
无论是外国人喝冰水的习惯，还是中国人喝热水的习惯，其实都不算久远。
在现代饮水净化系统出现之前，西方与东方，有条件的市民阶层，都尽量喝热水。
普通百姓则没得选，有什么喝什么。冷热不忌，大多都喝冷水。
分化何时出现？一旦水质净化得到保证，欧美人便敞开喝凉水，而且迅速忘本，不再记得一百多年前，英国人喝个凉水都战战兢兢的样子了。
而中国人则因为解放后，全民倡导卫生习惯喝热水，所以我们父辈就传承了下来，还觉得这是唯一王道了。
如此而已。
至于各色“中国人与外国人体质不同，所以不能喝凉的”，则是以偏概全了：
骤吃冷的，人会觉得不舒服，这是中外普通人都会有的反应。但凡人类吃冰淇淋吃急了，都会头疼——英语里就有个现成词。但现代医学不会盲目地说“美国人不适合吃冰淇淋”，而是认真研究出，这是翼腭神经节疼痛（），食用冰冷食物吃急了，就容易如此。
说白了，过冷过热的玩意，吃喝了都会不太舒服，这是全人类使然；欧美人爱喝冰水而没事，一是习惯，二是身体素质相对好些——而不是什么中外人口体质天差地远。
蛋白酶的区别可能会让东亚人容易有乳糖不耐受，但水这玩意，区别能大到哪里去？
所以了，将个体身体素质差异，简单粗暴地归咎为整体人种素质，然后信以为真，是种中世纪思考法。现在大夏天满街人喝冰饮，也没见谁忽然暴毙街头吧？
只能说，传统习惯里，有许多玩意是习惯使然，不问就里，于是自己编一些概念来解释，然后就成了约定俗成，甚至还相信中外区别从来就天差地远，觉得中国人跟外国人一比什么都不一样，活得战战兢兢，这不能碰，那不敢吃，动不动就说洋鬼子跟中国人这是体质区别——其实消化系统都一样的人类，区别能大到哪儿去呢？许多事情，真是自己吓唬自己，吓久了，就当真了。
"
别急着对南海喊打喊杀，大国不怒,https://zhuanlan.zhihu.com/p/21582574,"南海之事，诸位已知道了。
此事始末，非只一日，只是昨日出来个结尾。
于是互联网上，或慷慨陈词，或喊打喊杀，或嬉笑怒骂，各自文章春秋。
地不能割。海不能让。一寸不退。这是当然的，必须的。
但就此喊打喊杀、仇视全球，甚至大嚷“看见祖国这么流氓我就放心了”，恨不得看谁都是敌人，也不太对。
说实话，这次仲裁，不至于让中国失地；倒是有些地方有些势力，巴不得中国在世界眼里公开耍流氓呢。
大国不怒。尤其是这种时候，对个小国急什么呢？吐个烟圈就能解决的事，还有必要巨人调动全身肌肉，去踩蚂蚁么？
况，理又不亏，是被菲律宾人钻了空子，何必耍流氓呢？
我们该提倡的是：别激动，合理合法地耍计策，平事儿。
实际上，国朝在这件事上，一直在这么做：合理合法地，说不。
具体的事儿，许多位都宣传过了。
《联合国海洋法公约》，国朝是同意了，签署了的。
但该公约条，是规定了一些例外的
年，国朝按照公约例外，提出过：
对于《公约》第条第款（）、（）和（）项所述的任何争端（即涉及海洋划界、领土争端、军事活动等争端），中国政府不接受《公约》第部分第节规定的任何国际司法或仲裁管辖。
即：涉及领土，我们是不谈的。
菲律宾此次，是打了擦边球。他们年提出的十五项仲裁请求里，不谈岛，不谈海域，只谈海洋地形的法律地位和岛礁区分。假装不谈领土——因为我朝十年前说了，涉及领土，那是不谈的——但其意还是在谈领土。
很狡猾，但合法。菲律宾人就是钻了空子，绕着弯玩。
按照公约附件七，凡有仲裁，需组成法庭、裁决。
但法庭也有义务：他们需查明对该争端确有管辖权。
国朝年月就发布了《立场文件》，表示我国不承认这个仲裁有管辖权，也不出席——这其实就很聪明，文件也写得很好。什么话都不说，或者出庭应诉，都不对；还是直接不承认，最好。所以，我国不承认任何仲裁结果，从头到尾地，不承认。
不恰当的比喻一个：
居委会成立了。张佳玮家作为居民，也加入了。但补了一条：别的都好说，凡是涉及张佳玮家户型面积的，就不听居委会裁决。
张佳玮隔壁芒果家，去告说，张佳玮家门口放的那些擦鞋垫，算不算他家的；擦鞋垫这地方按历史来说怎么定义——假装没在谈张佳玮家的面积，其实就是想盘张佳玮家的地方。
张佳玮觉得，这是在谈自己家的面积了，于是表示：无视居委会。
居委会在张佳玮缺席之下，自己判了：这事张佳玮理亏。
但是，别急。此仲裁，理论上，没有强制执行权。菲律宾告到联合国去，也是一票否决的事。
菲律宾意图海洋地形的法律地位，躲开了领土问题（我们声明过的例外），其实还是在念叨领土领海。
所以，国朝一直在做，以后也该做的，还是继续如年似的，否认仲裁的管辖权，强调其要求已经触及此前声明不谈的领土问题，所以，不接受仲裁。
就像，居委会也没法逼着张佳玮让位。最多以后邻居们交头接耳，把张佳玮名声再弄臭一点。张佳玮该做的，也不是拿起杆棒，去把隔壁芒果家砸了，或者去把居委会打了，而是咬着力争：你们就是在谈我家的面积啊，我早说了这个我不搭理的！——顺便捏着拳头，把试图趁乱进门偷东西的给吓出去。
昨天，不是官方口径都出来了么？
“中国不接受任何基于该仲裁裁决的主张和行动……根据国际法，通过谈判协商和平解决有关争议。”
即，我国在此事上，不承认不应答根本不看；但，国朝也得根据法律，有条有理，有礼有节地不承认。
而不是喊打喊杀，表示“我们就是耍流氓”，去与天下为敌。
许多地方和势力要的，就是这个“中国在耍流氓”的姿态。
当然也难怪大家会这么想。中国人民接受的，大多是爱憎分明的教育。许多人都觉得，外交仿佛该是晏子出使调侃楚王，诸葛亮去舌战群儒；周总理“机智地反驳了对方记者赢得满堂喝彩”。好像只要有张好嘴，会抖机灵，就能办外交似的。好像万邦来朝，能帮国家斥退敌国，就是好外交似的。
然而不是的。
国际外交，早已发展为一门高度发达、极其细致、法令琐碎的科学。是双方戴着镣铐跳舞，而非各自举着拳头撒泼。
当年某些帝国主义厚颜无耻，到底也得表面上奉法而行，面子上得过得去。丘吉尔所谓“杀人也要客客气气的嘛”。以前德皇要山东时，对使臣说什么“中国如不听话，当以老拳捣之”，这事是被欧洲人当笑话的：没文化。
外交无论多么奸诈——比如英国人那套大陆均势，所谓“大英帝国没有永恒之对手没有永恒之朋友，只有永恒之利益”，以至于法国强了就帮普鲁士（德国），德国（普鲁士）强了就帮法国——台面上，是要按照法规来的。就像美国某些坏蛋律师，再怎么混蛋，程序正义是起码的。
对中国，程序正义，尤其重要。
所以我们要学当年英国、后来美国，按着国际法来耍计策，而不是提倡撒泼浑赖耍流氓，反而落人口实。
唐德刚先生津津乐道的一个案例：
一百多年前，八国联军在北京。当时列强已经在讨论，想瓜分中国了。就像当时的奥斯曼帝国似的。
谁力挽狂澜？李鸿章。
先是在慈禧发神经搞义和团向全世界宣战时，李鸿章已经东南互保，免得给列强借口。
然后，李鸿章私下里，跟各国搞小动作：
对俄秘密交涉；对美法请求调解；对德国道歉；对日本动以种族情感相召；对英以长江商业利益之保护为词。
当时，欧洲列强是想瓜分，而美国是不想让远东利益受损，于是大呼门户开放。李鸿章借着美国这一点，要求保证中国领土完整、主权独立。用循环照会（）方式通知各国。按国际法规，这个有临时协定的效果，如不适时提出异议，则被视为默许。
然后，李鸿章在国际公法里，说中国是受害国：强调义和团是叛逆，慈禧们是被挟持的，宣战诏书是矫诏。如此免去中国政府的责任，不用割地，只用赔款。
谋略、手段、利用法规与矛盾、榨取利益。而不是去大义凛然跟人对骂。
结果就是：辛丑条约虽然北京人民吃了大亏，也赔了许多白银，但中国没有割地，连让慈禧归政都没有。
这才叫外交。
许多人津津乐道于周总理“机智地回答了外国记者，一片掌声”，然而他老人家做的，可不只是几句妙语，几块补丁。建国初期，与苏联建交，背靠大树，引来援助；朝鲜停战谈判；帮越老柬三国独立，推动万隆会议（那次会议前后殖民主义吃了大亏），换回钱学森；在与苏联失和后，与美国关系正常化。
简直是，先联吴抗魏，再联魏抗吴，度过了两边磨刀霍霍最危险的阶段，中间还顺手扶植了一堆手下。
而且从头到尾，都合理合法。
这才叫外交。
我一直说，中国当下外交，绵里藏针，软硬兼施。最妙的是，中国外交现在很懂国际规矩，但并不完全按欧美的方式来出牌——该讲规矩时讲，可以不按常理出牌就不按常理出牌。重私交人情、讲政治格局，前一招绵韧，后一招灵活。
这种时候，不要喊打喊杀，也不要急着仇视世界，更不要随意言战——说实话，别看南海这么热闹，朋友圈大家都想参军，其实真不太打得起来。
武侠小说里，小瘪三才会菜鸡互啄。高手都是虚比几下，平淡无奇，然后一招而决。
同样，这个时代，叙利亚那些土鳖武装才菜鸡互啄，旷日持久，赤地千里，流离失所。美、中、俄这种大高手，互相把兵力调动几下，隔空喊几句话，那就是比划招式。谁都不想真打，一打就是地球抖三抖。比划招式给对面看，抖擞一下肌肉，可以了。
菲律宾也不会蠢到，真以为靠个仲裁就能从中国搞到海域，最多就是恶心一下中国。
外交谋战，一步套一步，这只是许多步中的一步。
大国不怒。
尤其是这种时候，对小国。吐个烟圈就能解决的事，还有必要巨人去踩蚂蚁么？
作为公民，这种时候，好好学习，好好工作，别被情绪沾染得情绪亢奋、跟人噼里啪啦吵架误了自己的正事，就算是爱国了。
毕竟，我国历朝被煽动起来群情激愤的……事后证明，很容易有坏家伙掺进去。大到辛丑年，小到砸汽车。
毕竟，中国但凡有的人为了这事激动得刷一下午朋友圈，误的工时……可能就顶有些小国一年的生产总值呢。
毕竟，许多地区许多势力，巴不得让世界觉得“中国在耍流氓”。
千万可别学伊拉克那种，耍起流氓来爽归爽，可是满地掉把柄。
至于海和岛的事，有领了我们纳的税、专门思考这事的诸位呢。
“中国不接受任何基于该仲裁裁决的主张和行动”，这是基础态度：海，不让。
“根据国际法，通过谈判协商和平解决有关争议”，这是手段，或者用丘吉尔那句话，“杀人也要客客气气”。真大国，不跟小邦着急。
重申一遍：不必没事就号召我国耍流氓，这不是流氓斗殴。我们是要“根据国际法”来“和平解决”的。韦小宝都明白，对付人，要一会儿红脸，一会儿白脸，总能如愿。至于最后对方是否真心乐意呢？嘿嘿。
对我们纳了税的那些位有点信心吧。无论是不是喜欢我朝，每个人都必须承认的是：
在这类事情上，我朝一向够狡猾。
"
语言类节目，为什么就不如以前好看了？？,https://zhuanlan.zhihu.com/p/25035431,"我并不想批评鸡年这台晚会的语言类节目。
我认为，今年诸位老师表现，整体还比去年出色。
开心麻花团队与蔡明潘长江组合，表现都中规中矩。
冯巩连续第二年没有想死我们，而且又跟和音卯上了，但他戴上头套的瞬间像《我爱我家》集傅局长乔装改扮，就足以安慰我。
白鸽们演的第一个小品后半段很奇怪，但白鸽的吐字发音让我想起方青卓老师，于是我就乐了——我是个很容易乐的人。
孙涛和闫学晶的小品似乎在劝大家生二胎。高晓攀和尤宪超描述的巧嘴姥姥让我以为他俩的姥姥是蔡明。那个新疆背景小品表现最抢眼的是小毛驴。但这些也不是问题。它们还是能逗乐我们的。今年还是有许多绝妙词句的。有许多很有流行语潜力。
但大家，大概也愿意承认我下面这个命题：
现在的语言类节目，确实不如以前的好看。
为什么呢？
以前大家都说，语言类节目一年不如一年，是因为缺了讽刺。今年，姜昆老师的《新虎口遐想》有许多讽刺段子，但似乎并不比三十年前那版更好听。
以前大家都说，是几个非凡的喜剧演员离开了。然而说实在的，冯巩、孙涛、蔡明，以前都给出过精彩的演出。对比他们早年的表演功力，这些年似乎也没见怎么退步。如果说良心点，世纪有几年，冯巩、郭冬临、孙涛都把不那么有趣的本子，强行扭好看了呢。
大家都在怀念赵本山，但大概也都肯承认：赵本山世纪的作品，并不如年代的有劲。
难道大腕儿们都集体越演越回去了？怕也未必吧。
大家都说，以前晚会是带动流行语，现在晚会是跟着流行跑。但当年赵丽蓉老师跳探戈、唱、唱《M》，似乎也没那么糟糕？可见有流行语也没多大问题，只看是否巧妙。
所以，为什么呢？
好吧，我们来回忆一下历年晚会那些最经典的台词。
宋丹丹“你太有才咧”。
巩汉林对赵丽蓉：“麻辣鸡丝？！”
范伟拄着拐一回头：“谢谢啊！”
赵本山：“我学会扯蛋了！”
陈佩斯：“我原以为只有我这样的才能叛变，没想到啊没想到，朱时茂你这个浓眉大眼的，也叛变革命了！”
大多数台词，本身并没那么好笑……吧？
但为什么大家想起来就笑呢？甚至，看见题图这个，就笑了呢？
近些年的语言类节目，并不缺漂亮的涮人词。蔡明老师年复一年更新不止的毒舌语录；冯巩俏皮不止的流行语，都很妙。当时说出来，好玩，有趣。
但何以无法成为“你太有才咧”那种句子呢？
为什么今年开心麻花和蔡明潘长江这两个小品，比其他的都好笑呢？
换个比方。
马三立先生的“逗你玩儿”这句话，本身有什么好笑呢？“挠挠”俩字，本身有什么好笑呢？
换个比方。
《武林外传》的拥趸一定承认，“我上面有人”是全片最伟大台词之一。这句话换旁一个人来看，好笑吗？未必。
《我爱我家》的爱好者一定觉得，宋丹丹那句“背影儿……”极妙。这句话换一个没看过《我爱我家》的人，一定会觉得：有啥好笑？
您一定明白了。
我的个人观点：
普通逗乐，是人身攻击。我说你的亲戚吃屎喝尿。大家哈哈一笑。
高一点的逗乐，是自嘲，耍萌耍贱，都算。
再高一点的，是以自嘲的方式嘲弄别人。比如神一般的：“我原以为只有我这样的才能叛变，没想到啊没想到，朱时茂你这个浓眉大眼的，也叛变革命了！”
而最后这个，是要设情节的。
那些本身不好笑的台词，所以在我们记忆里那么好笑，是因为处身于情境中。有前因后果。矛盾集中爆发。比如：
“你太有才咧”，是宋丹丹在窘迫之余赞美赵本山临机应变的。
“谢谢啊！”是范伟吃了忽悠不辨好坏做出的回答。
“麻辣鸡丝？！”是巩汉林得意洋洋于自己的陷阱，却被老太太淳朴的签名反克时的诧异。
同样“我上面有人”、“背影儿……”这些词所以好笑，不是本身多好笑，是情境，是剧情，是表演。
甚至赵本山后期，还能有一个神对白：
“这个可以有……”
“这个真没有！”
这句话的好笑之处，依然是当时的情节。立人物，讲故事，到一个矛盾点，反差来了，大家哈哈笑。
今天一位行里的老师对我说的话，现在的语言类节目，更重视包袱，“葛包袱”。最好是一句话一个包袱。所以现在的节目啊，俏皮话说得很好，也确实巧妙。但讲故事，设情境，就差了一些。
开心麻花所以这几年作品质地很稳，不是沈腾多么妙语如珠，而是开心麻花总是能凑出一个剧情，将他逼入一个尴尬之极的死角，然后沈腾苦着脸穷对付。
一句话：因为有剧情。
如上所述，我认为冯巩、蔡明、孙涛、郭冬临、邵峰们都是优秀的喜剧演员。他们都让不那么有趣的本子变得有趣，但他们这些年，似乎都赶上了俏皮话很多，但情节不那么有趣的本子。郭冬临牛莉之前有几个节目虽不算卓越，但很耐看，就是因为还有情节，郭冬临也很乐意把自己塑造成一个怕老婆形象——一句话，你得有剧情，有人设，而不是开口就飚包袱。
这个时代，大家都喜欢快速消费。所以用些碎包袱重口味，圈人容易。但真好看的喜剧，得进情境，得有情节。随时妙语如珠抖文字游戏，是一个脱口秀艺人的基本功；但伟大的语言类喜剧人，是有完整情节，有巧妙情境设置的。许多人可能因为挤眉弄眼和小胡子开始看卓别林，因为光头和夸张的表情看陈佩斯，因为新潮的表演看赵丽蓉；但他们最好看的，并不是一两幕台词或一两句话，而是如何在自嘲中将自己与对方都置于尴尬的情境中。
以前说这类人是笑星，现在说他们是喜剧人。我喜欢后者。因为喜剧人有个剧字。剧情的剧。赵丽蓉被侯耀文逼着司马光砸缸，最后反而拧住了侯耀文，这就是个饱满的剧情，我这一辈子想起来都会觉得好笑。而两个演员彼此斗嘴皮子溜，拿对方的亲戚开涮，显示自己多么能玩文字游戏，这也可以很好笑，但就架不住反复听了。
为什么以前我们常见到矛盾充实、剧情完整的段子，而现在更多都是碎包袱呢？我不知道。
在晚会舞台之外，类似情况也有不少例子。懂了的诸位一定懂了。不多说。
怕自己忘了，所以睡前写下这些。
也顺便，凑凌晨说吧：
大家鸡年快乐！
"
救救孩子！,https://zhuanlan.zhihu.com/p/31382857,"本篇原来是半个月前某事件爆出后的回答。
很快有人告诉我，本回答在许多时间线上消失了。当然，我很理解。
今天，因为众所周知的原因，请容我再发一遍。我相信，大家也理解。
我小时候，是年代；那时我们的托儿所与幼儿园，都是所居住新村办的，算当地公共机构。老师都是本新村人，大家都认识，所以日子过得不错。有争执，也最多是跟家里闹几句：“今天食堂大师傅对我不好，给我锅巴吃！”
我爸说，那些托儿所与幼儿园很早以前就在了——改革开放以前就有。那会儿幼儿园老师和小学老师一样，是新村里比较受欢迎的职业：大家都觉得老师和善嘛。
那会儿工厂也有幼儿园，就在家属宿舍楼旁边。
后来，托儿所与幼儿园就慢慢没有了——也正常，一切都市场化了嘛，福利的、非盈利的机构，要削减嘛。
到我离开无锡时，是年，那时幼儿园和托儿所已经很少了。市场化嘛，公共福利机构又不挣钱，当然没人乐意开。
现在国内大城市，公立托儿所、幼儿园还是有，但是实在少，供不应求。
私立的，大家又会嫌贵，而且怀疑质量不好。
——听起来有点像国内的医疗环境，对吧？
法国的制度，似乎普遍是这样的：
地区官方出资，鼓励企业跟社区合作，办托儿所，办幼儿园。当然，附近的公共机构都一股脑上。
法国对孩子们很优待。体育中心的场地孩子可劲儿玩。去美术馆孩子们不用排队。我记得在蓬皮杜中心，看着幼儿园老师跟孩子们说，“毕加索这幅画的色彩，米罗那幅画的色彩”，我真是羡慕之极——我辛辛苦苦才能来看个展，他们从小坐着就看到了。
哪位说了：怎么保证孩子们幸福呢？
首先是保证老师。
法国的幼教制度，年后改过几次。在法国，大体上：幼儿园老师和小学老师是可以换岗的（保证灵活性）；只要考到资格证书，甚至有幼儿园老师当高中教师的例子：当然，法国的教师资格考试极其严格就是了。
又，法国很鼓励从其他行业转来做教师，因此，不少精英，比如前医生、前工程师，最后都可以做老师，甚至幼儿园老师的。
费用呢，托儿所与幼儿园，场地费啊之类，企业出的居多；老师的工资，普遍是国家出，砸钱。而且，法国幼儿园老师的工资，在国家公职人员里地位极高，所以从社会地位到收入都够，哪怕考试严格，也有人乐意去考——您别觉得谈钱庸俗。好待遇就是容易出好老师。
又，官方、企业与社区合作办，当然要彼此监督。官方觉得自己出钱养老师，当然要监督企业是不是靠谱，幼儿园是不是靠谱。
要说欧洲没虐童？也不是。有。
但是看他们的处理方式。
年，里尔有个保姆在家，看见孩子乱动就打，打到孩子血肿。上法庭。检方要求判他个月。法院则大发神威，判个月，要求被告接受三年考验，强迫心理治疗，七年内不得从事与儿童有关的职业。
严刑峻法，判狠一点才行。
至于针对性？欧洲范围内普遍监督得狠。年德国萨克森有两个教师，用胶条封孩子的嘴，不听话就用针扎。
德国媒体的反应，除了追剿这两个教师外，还直指监管部门：
你们监管部门是干嘛的？！
所以说，官方企业社区合作办幼儿园，本来不是坏事——法国人也这样，官方企业社区一起上嘛。
但法国人保证这个办得好，靠的是：
——官方积极提倡，所以托儿所和幼儿园遍布法国。全国八成以上的小孩是入托公立托管机构的。
——国家砸钱养老师，所以水平不会差。
最关键的一点：
如上所述，法国人和德国人也有虐童现象，他们的反应是什么呢？一旦发现，判重刑，追责监管机构。
如果没有足够的监督，那么不难想象：
比如，法国哪个地方机构，就胆敢既当球员又当裁判，好好的幼儿园不让开，自己开个黑公司开个破机构，也就可以随意虐童了——因为不受监管了嘛，无法无天了嘛，出了事倒霉的也是黑公司嘛，自己可以一缩脖子了事，倒霉的是合作企业和孩子们。
对每个家长而言，孩子是独一无二的，是宝贝，是家庭的未来。
但对不受监督的权力而言，个体的孩子就是个数字，就是个玩意儿，甚至可以是捞钱的工具。
不给他们点严刑峻法的威胁，不给他们持续严格的监督，放任他们既当球员又当裁判，自己开规则自己玩，那就只能指望他们有良心了——这种看运气的事儿，听起来可怕吗？
那，没法子，不受监督的权力，就他妈这么任性妄为。
"
内政外交007集于一体，却总被夸勤勉俭朴，可惜这传奇人生,https://zhuanlan.zhihu.com/p/24780145,"今天是，周公忌辰四十一周年。
他老人家年月日逝世的。那一年风云变幻，天摇地动。将相帝星纷落，郭沫若先生也很忙：写了好几首《水调歌头》，真辛苦他了。
周公是那年年初去世的。但若从谱系看，他是那年的赢家。他那一批人，那年赢了，然后，有今日之天下。
作为一个对现状颇有微词，但大体想不出更优解，因此也确实得益于他的人，我很佩服周公。
我年纪小时，不太佩服他。概因我少年时，课本里说周公，无非是“日理万机”、“握了一位清洁工的手给了他温暖”、“穿一件带补丁的睡衣”。
那时他的形象，勤勉、简朴、温厚、亲民、敞亮、干净，仿佛慈父。
年有一部以他命名的电影，是我第一次接触到另一面的他。那部电影主要描述了他最后十年。许多事当然无法说得太明白，但波谲云诡，见出来了：他在那部电影里，也有疲惫、苍老、踌躇、痛楚的一面。那时我九岁，就寻思了：他果然还有另外一面么？
之后接触了多一些史料后，自不免感慨万千。有些视历史为黑白脸谱的人们，自然还会震惊：“哎呀原来他不是我们想象的那样！”
本来嘛，他老人家本就不是小白兔或小绵羊。夫白兔绵羊，如何活过乱世呢？
历来对他老人家的塑造，其实风格有些偏了。就仿佛诸葛亮本来是不世出的战略分析家，是比肩管仲萧何的政治家，“以其用心平而劝诫明也”，是治军严整如神的英霸之器。《三国演义》将他描述成了一个能掐会算，擅长埋伏和火攻，喜欢分发锦囊的智多星。鲁迅先生所谓“状诸葛之多智而近妖”。
周公他老人家，本来该是另一个形象：
少年时奋战天津，之后闯荡欧洲，扬名黄埔，斡旋江西，遥控中国历史上最卓越的情报人员；随长征、助移权、平大局。外交、内政、上佐霸主、下抚将帅，屈伸自如，概有英奇之略。建国后，内则日理万机，外则纵横天下，“哪个国家我没有去过”，出入机枢，终于邦宇敬爱。
这样一个剧情，简直像开了修改器，编都编不到这么华丽的履历。
但因为各种原因，没法跟老百姓直接宣传。
比如，他和他那位著名搭档，并不是始终生死与共。在江西，在延安，在柯庆施事件，在年上半年那一波批判里，周公都有过危险。
但他站住了，没倒。人只要还活着，总能做一些事的。
后世没法直接夸他只好说他公忠体国，说他日理万机，说他勤勉简朴，睡衣打补丁，“又说了几句机智的话引得记者们鼓掌”。
他本就不是老好人，可惜，也只好把他往老好人方向塑造。
唐德刚先生说，中国近百年，两个半外交家：他、李鸿章各一个，顾维钧半个。别的不说，从背靠苏联抗美援朝，到与尼克松会谈反制苏联。这二十年间风云变幻的三国志，拍出来就是一部史诗。他与尼克松那一握手的意义究竟有多大，我小时候的历史课本都没太讲清楚——冷战期间，处于两超级大国夹缝间，还能反客为主换边。想起来，很神奇。
若将他领导了中国史上最杰出的情报人员的传奇拍出来，够一百部——现在的一切解放前谍战片，严格来说，都是他的手下。
萧何为贤相，屈身事刘邦。摇摆不倒，开创基业。这一点，周公做了。
陈平帮助老帅周勃，平了吕后之乱，立了汉文帝，已被描述为社稷之臣。这点事，周公也做了。
中国古来贤相，追求的无非是佐王霸之业，救黎民于乱世，平天下，存社稷，给后代朝廷留几个邦国之才。这些，周公都做了。
还善饮酒，千杯不醉，知识分子都喜欢与他结纳——这还自带周瑜属性：“与公瑾交如饮美酒不觉沉醉耳。”
以及……还长这么帅。
他老人家，虽然没有长篇大论诗词歌赋留世，但传闻里他那位亲密搭档说过，周公是位“狡猾的中国知识分子”——在我看来，这算是赞扬了。
中国历史上，多草莽英雄。最后得能长久者，多半是英雄与士大夫共治天下。英雄负责霸的一面，英锐、犀利、果决、狠辣、大气纵横。士大夫负责王的一面，仁爱、绵密、平衡、斡旋。
有人会说，我们这位周公，晚年不够强硬——比起彭将军这种好汉，周公的举措没那么刚烈。他没有臣死谏一头碰死，然而，不让保的，他确实没保，没要杀的，他确实也救了不少。
他这一生，除了病魔，没人斗得倒他，搞得掉他。他实在够聪明，一个生前当情报人员，见识过世间各色伪装，死后连骨灰都洒掉的人，其实是什么都看透了的。他一个人下面，担着无数干系。
年月他住院后，叶、邓、李等不断来与他商量。那时江王张姚们，未尝不痛恨周公当日保下来的三老四帅。周公所谓“要保护老同志”，因为另一位也明白，“我在，部队跟我走；我不在，部队跟老帅走”。
最后，老帅们还是擒下了江王张姚。成王败寇，是他们赢了。
他老人家年少时写：“面壁十年图破壁，难酬蹈海亦英雄。”
他人生最后十年的事，一言难尽。他的骨灰处理方式众所周知：最后，他还是以另一种方式蹈海了。
唐德刚先生在美国，旁观者角度，当年如此悼周公，说他晚年在动乱中忍辱：
保护千百位无辜人士的身家性命，保护动乱中嗷嗷待救的亿万生灵……固亦大丈夫之行也。
岂忧邦国成孤愤？究为黔黎辱此身。
四十一年都过去了。只回头，远远地看这个人：
明明可以靠脸当明星、靠机智当、靠口才当发言人、靠智谋当外交家，靠干略当贤相、靠个人魅力就让那一代知识分子倾心、靠资历就能压服天下的人，最后在风云激荡中，忍辱负重，兼济天下，狡猾得除了病魔谁都对付不了的非凡士大夫。
何等传奇的一生，却总被拿来夸俭朴节约、苦心孤诣、工作勤勉……真也是没夸到点上。
"
“要想学得会，先陪师父睡”？,https://zhuanlan.zhihu.com/p/35380964,"要想学得会，先跟师父睡。
——这话本来是段子，但细想，还是有人能实现的。
杨过表示：这个可以有。
瑛姑跟周伯通学点穴，然后不知怎的，孩子都生了。不久段皇爷就出家了。
韦爵爷每次提到阿九师父，都强调是“美貌尼姑师父”，说他绝无此心，怕也未必。严格来说，洪教主夫人也当过他师父，这不，上手了。
最让我浮想联翩的，还是《碧血剑》，何铁手拜了袁承志做师父。
当然，原著里，何铁手类似于蓝凤凰的性格，拜袁承志做师父，也没什么歹心，不是要去抢温青青的原配。反倒是元彪与袁咏仪版本的电影，何铁手是喜欢袁承志的，那再一拜师，就微妙得很了，嘻嘻。
但您注意，这几段感情的妙处都是：
弟子主动去找了师父，于是超越师徒藩篱礼教规范，前去追求——嗯，琼瑶阿姨《窗外》，甚或《花千骨》，都是这个劲头：这甚至可以算礼教典范。
如果是师父主动要跟徒弟睡呢？那就完全是另一回事。
同样是《碧血剑》，最猥琐的一幕是：玉真子到华山来单挑穆人清，却先欺负女孩子们，还念叨：“老穆自夸拳剑天下无双，教出来的弟子却这般不成器！你们师祖问起，就说玉真子来拜访过了，见他徒弟教得不好，带了三个女徒儿去代他教导。三年之后，我教厌了，自会送还！”
看见何铁手容貌娇媚，双足如雪，言笑之间尤其动人心魄，不由得骨头也酥了，于是笑道：“我叫玉真子，你这孩子叫甚么名字？你说我功夫好，那么跟我回去，我慢慢教你好不好？”
——“教厌了”、“慢慢教”，这是什么意思？
还记得欧阳克在《射雕》里，收了他那些姬妾为徒的轻浮嘴脸么？
为什么徒弟追师父，大家觉得还能接受些；师父追徒弟，大家觉得不对头、很恶心、甚至猥琐呢？
因为这里有个极大的不对等。
师徒关系理论上该是平等的；但实际上，从来是不对等的，尤其是，师父有可能利用其权威，对徒弟施行各色控制。
归根到底，这个时代都挺平等的了，没有礼教规范了；我们厌恶的，不是师徒间正常的感情（杨过与小龙女），而是威权与胁迫（玉真子和欧阳克那种流氓）。
欧美的博士，中国的研究生制度，可以上溯到中世纪学徒制度。
学徒制度，古已有之，中西都有。
得承认的是，学徒制度这玩意，确实容易教出东西来。这不，如今德国英国、美国瑞士，许多产业都还保留学徒制度；米开朗琪罗当年，那也是给吉兰达约当学徒当出来的。
然而世界往往认同学徒制度的结果——精妙的技艺——而忽略其过程，比如学徒在此过程中所受的苦楚。年代，老英国人都念叨过，英国工人一代不如一代，却不想想早年那些学徒，遭遇了多深重的压迫。
我有一个好朋友，相声行的。去年夏天，我问他，为什么马三立先生说“这行没好人？”
他跟我说了些老年间的规矩，许多是他义父自己旧社会的经历，听得我毛骨悚然。临了，他给个结论：
“学艺时吃苦头，能让人变精明，但并不会让人变得善良。”
说一个相对不那么恐怖的段子：
谭鑫培先生《定军山》来黄忠特别牛。
余叔岩先生有次伺候谭先生烟，就问师父，舞刀花怎么能不撩到护背旗。
谭先生假装没听见，不说。
过了会儿，忽然问：听说你新得了荔枝味的鼻烟？
余先生多机灵啊，赶紧说，正预备献给师父呢，回家取去。
回家拿了献上了，还送了个鼻烟壶。
谭师父闻了鼻烟，好。
一会儿就说：刚才你说舞刀花是吧？我来教你，是这么回事……
所以余先生后来教戏不肯亮全套，徒弟非特别用心（比如冬皇），他都不怎么肯教的。因为人家的功夫，都是好容易从师父那抠来的。凭啥白给你？
这个当段子听，很酷。但作为当事人余先生……恐怕未必太开心吧？
旧学徒规矩，就这么回事。抱歉，师父就是可以为所欲为的。《霸王别姬》里立字据都说了嘛，“打死勿论”。
一个行当却是封闭幽暗，师父权力越大，欺凌下头的学徒就越不用付出代价。
学徒们被教出来之后，自然入了辙，媳妇熬成婆，当然得回头欺负，以解当年之恨，一环压一环地下去，这就成了恶性循环。
为什么移风易俗那么难呢？是真的不把师父权力搞得大大的，就教不出东西吗？
汪曾祺先生——他老人家算京剧曲艺行内人了——提到过老年间的规矩：
拜师时立字据。教戏期间，分文不取。学成之后，给先生效几年力。搭班，唱戏，拿了份子，不拆，直接给先生。好一点的先生，自己留下些，剩下的给学生。这叫做“把手”的徒弟。那就是穿房过户了。
——这是正经的学徒，但又不止于此。
也可以按月送酬劳。先生按时到学生家去，一个月去个十来次；也可以学生本来已经坐了科，能唱了，拜师是图个名，借先生一点名气，搭班好写水牌，三节两寿，送师父礼物。
可见，即便是老年间拜师学艺，也不是只有一条道。有的是法子变通。师徒之间，也未必得那么惨烈。
说穿了，是师父们不肯放弃这点权力罢了——许多师父自己是苦出身，“我自己凭本事吃的苦，为什么不能剥削别人？”许多师父一旦沾染了为所欲为的权力，那还肯放手么？
美国人早就明白了，就像不能指望资本家主动不剥削似的，不能太指望师傅们太慈善。所以早年，就通过了《国家学徒制法》，俗称F法。此法律规定，学徒工的身份也是工人，而不是学生，不可剥削他们。该法还责成劳工部制定保护学徒健康的一些最低标准——一句话，得把学徒当个人。具体实施那是另一回事，规矩是要立的。
意大利在这方面就滞后些。所以直到今日，摩德纳及雷焦艾米利亚大学的蒂波拉斯基先生就说过：
“现实的情况与理想状态中的学徒制相差甚远，甚至沦为一种简单的工具，用于剥削那些灵活又廉价的劳动力。”
刚才说，我国现在的导师制，源头可以上溯到中世纪学徒制。而学徒制的问题，我们已经看到了：
如果一个学生，科研、论文、收入乃至前途，都被导师控制，而又没有相应严格监督制度的话，猜猜导师会怎么办？
当导师发现，他们的许多做派，一如旧社会学徒制的老师们，可以不受监督不受控制，甚至，出了事，还有组织这个靠山为他们擦屁股，那他们会怎么办？
这世上自然有无数自律的导师，肯好好教导你。但若没有监督保障，这就比较碰运气了。
就像告诉一只猫，“你可以随意处置甚至吃掉面前这条鱼，或者逼这条鱼叫你爸爸，之后也不用负责任，出了事，有其他大猫组织负责为你把鱼们闷住，不让吭声”，猜猫会怎么做？
如此，猫比鱼多了无数的保障，本身的威权之外，还有背后组织可以做靠山。地位极不对等。
而我们就是在打赌，赌这只猫是一条特别自律，不爱吃鱼的好猫。
是不是很冒险呢？鱼的命运谁来保障呢？
我们平时说，不要试探人性，不要诱惑他们，因为人性是经不住诱惑的——而没有监督的权力关系，就是时时刻刻在诱惑人性啊！
"
我以前也恨极了高考,https://zhuanlan.zhihu.com/p/21318859,"我以前，也像许多位刚高考或即将高考考生似的，恨极了高考。
我是江苏人。当年高考，所谓五年四改革。轮到我们考那年，高二升高三时，还不确认高考要怎么办。制度朝令夕改，传言纷纷。好想揍人。
最后呢，高考，我们一口气考了九门（我那届，偏科生都完了），而且是考完后，蒙着眼填志愿，分数？自己猜。
那年，我许多好朋友人仰马翻。我父母稳稳地按照我估的分数，下压了分，给我填了所上海，“你就不要冒险了”，结果也还好。我有几位该去南京大学的朋友，掉回无锡本地大学了……
当然，过了这么些年回头看看，恨意弥散了些。
倒不是好了疮疤忘了疼。我现在偶尔，还会做噩梦，“已经月份了，还有一整本数学书的课本，一点知识都没学！”
只是多少见过些世面，回头看，明白了一点。
考试，原来便是为我们平民准备的福利。
汉时有考试，考察的考，试探的试。
一度是，地方郡国推举出一个人，叫做孝廉；中央再考试一下，合格便能从政。听着好，像分区选举是给民间孩子从政的机会，但后来，许多被举的孝廉，都是仕宦子弟。比如曹操就被举过孝廉。
说白了：几十万人里，保送一个人上去考试——谁有机会上去，一目了然。
魏晋之间，九品中正制，直白地说，门户世袭，天下皆知。
那时候，平民孩子，都不用考试，因为没这个上升通道。
此后唐朝兴科举，绵延千年。
科举选不出真才子，唐朝时就这么说了。
因为，本来，唐宋之间科举，主要写策论，考士子的时事政才，兼考文章。科举是公务员考试，务实为主，又不是选拔文艺创作青年，所以考场多留一条作文，算是给文艺青年们留了条路，也提倡素质教育。
历代考场作文，只有过一首好诗：钱起先生《湘灵鼓瑟诗》里，曰：
“曲终人不见，江上数峰青！”
考场作文试不出好文章。韩愈后来回头读自己的考场作文，甚为羞臊，“颜忸怩而心不宁者数月”，几个月都羞羞答答，简直想否认那是自己写的东西，还特意搬出司马迁、孟夫子、司马相如、杨雄、屈原这些心中偶像申斥道：这五位如果蒙了名字去参加考试，估计也考不中！
实际上，韩愈在科举和户部的老师里倒霉许多次。
但如果没有考试制度，韩愈该怎么样呢？怕还是一生郁郁吧。
大家都知道考试制度很扭曲。许多孩子都在背高考题了。其实古代也如此。明清科举制度有八股，那时书商也懂教材赚钱，没事印点高考满分作文流出结集，供大家学习的；至于捐监纳贡之类就不提了。汪曾祺先生做个评估：清朝，纯花钱买国子监大学毕业文凭，而不会写文章的，全国一年可能多到八十万。
所以都说考试要改革呀。晚清，科举要改革，拿新名词显新潮，把拿破仑译做拿破轮，出了个题目叫《项羽拿破轮论》，大概想把两位旷世名将来个比较吧。于是就有腐儒写出考场名文了：
“以项羽拿破轮是大材小用其力难施其效不著非知人善用之举也!”
是很好笑。但反过来想，国家教育出问题那么多年，考试改革，只是在让那些被教育耽误了的诸位付出代价而已。
如果是教育制度的考察，高考这制度真挺扭曲的。
但因为加上了个人出身上升通道的因素，高考制度已经算公平了。
是的，高考制度很扭曲，很不合理，可能试不出真才学（虽然很利于考察执行能力），但在如今的中国，已是最公平的选举制度之一了。
一个美好的传说：王维年少时，听说太平公主内定了位叫张九皋的做头名，于是打通关系，酒席间给公主弹了首《郁纶袍》琴曲，再献诗文。公主心醉，当场就定他为头名。
这故事听来很浪漫，但仔细想，很让人心寒。幸亏这是王维啊，他头名，大家也没话说。如果是其他人呢？比如，张佳玮是张易之的侄子，也参加那年科举，太平公主给脸面，于是张佳玮靠着张易之的关系，就轻松压倒王维，得到一个保送资格？公平吗？不公平。因为平民百姓没这路关系。
范进们当然可笑。但至少进了考场，范进和无数潜在的富户子弟，是相对平等的。
一种说法是：高考之前，是我们知识最丰沛的时候。我们会做代数和几何，会做物理受力分析和化学式，背得出历史年表——而我们毕业之后，什么都不会了。
其实不是的。
高三为了备考的学生，会背诵一大堆书本提炼好的知识，读了这些，给人一种富有知识的错觉。但那些更多是索引，是入门。比如，多少人都背历史书，都知道文艺复兴三杰米开朗琪罗、拉斐尔和达芬奇，知道文艺复兴大师多。但大多数高考生，未必说得出当时意大利其他大师的名字。你提起姜波罗尼亚、里皮父子、安杰利科、马萨乔、乌切罗、提香、乔尔乔内、佩鲁吉诺，知道的怕没几个。哪怕对达芬奇等三杰，也怕是只知道几个巨作的名字而已。
如是，在高考之前，我们知道的，大多是索引，是入门，是大纲，但不是知识本身。好比周星驰版电影《鹿鼎记》里，韦小宝要练绝世武功，陈近南给韦小宝一本薄薄的书，然后一盆凉水泼下来：“这是绝世武功的目录，秘籍在那里”——指了指另一桌堆积如山的书籍。
高三给学生们的，其实是一些基本的认识世界的工具，以及一些浮光掠影的，世上知识的目录。
有些知识，因为高考存在，当时会显得很无趣。但许多年后，你会发现，那也许是你最后有时间接触某些美好的知识了。
高三不是知识的巅峰，只是你掌握了许多题目的做法、有许多索引和入门，可能还有人生中最自律的一段时光。
对大多数有一定总结和归纳能力的人而言（不排除有些一再犯同一错误的），你的知识，总会随时间慢慢增长的，虽然也许无法归纳为语言，但你所知道的，只是与日俱增。虽然也许意识不到，但这些知识，其实并不比高三那些书面凝结的知识跌份儿。只是术业有专攻，在一些门类钻得更细了，而已。
所以：别因为高考就恨知识和学习。知识是好的，只是考试制度让它们显得丑陋了。
学习，将来还要继续的，只是以不同的方式而已。
提一下，现在大学的意义所在。
高三家长们所谓“高三苦一点，大学就好了”，当然是胡扯。
理想中的古典大学精神咱们就不提了，那太美好，也指望不上，只说现实生活里的大学。
如上所述，高中生涯，其实只是给出一个通识教育的知识索引，大学则更像是对专门学问的钻研，虽然国内大学的教育质量未必有保障。
这里得多提一句的是：大学，并不只意味着学习。
如果没有大学这个缓冲地带，学生们得怎么办呢？岁，高中毕业了；没有大学，那么，要么就直接进社会工作，或者去一个大学的替代品里学习知识。两者必居其一。
可以抱怨国内大学教育无甚意义，但大学真不只是学习。这段时间，让孩子有机会，也有合理的理由，远离故乡，至少离开父母身边，去尝试成长。国内许多学生，在大学之前，没有正常的社交和自由生活。国内大学的课业，相对不如高中紧张严密，于是有可能做出选择——做个好学生，或者多经历些，甚至创业或者当个情圣。
大多数人，人生中第一段相对自由的、模仿成年人的时光，是大学里来的。
大学未必提供更高质量的知识，但提供更多的可能性，是未成年人和社会人之间的一个缓冲带，而且基本是默认的。大学给你成长的可能性，虽然不那么多，但总会比高中多一点。
在这个相对安全的缓冲带里，你可以尝试一切可能性，也包括犯些错误。勤奋学习是其中的一种选择，虽然很好，但你依然有其他的选择，虽然未必那么美好。
等以后上了社会，自由逐渐被剥夺时，多少会明白大学这段时间的可贵了。
所以了。
高考，作为教育审查制度，不太合理；作为选拔制度，却是中国当下最公平的制度之一（地区招考当然扯淡，我身为前江苏考生，经历过所谓五年四次高考改革，知道其中的苦楚）。
但在我国，真的已经很公平了。对许多山区孩子而言，这是他们一辈子昂着头来大城市的（而非入城务工），不多的机会之一。
何况，还能有一段相对自由的时光，作为奖品呢。
所以，今天高考的、将来要高考的和已经高考过的诸位：
祝大家好运，总能遇到公平与好运。
以及，再怎么千难万险，想一想夏天要来了，心情总会好些吧。
哦对了。一个彩蛋。
去年长沙雅礼中学某位老师，拿了我一篇文章去做阅读理解
然后，据说，下面这个是今年石景山中学的二模考题？
这说明，每天读点张佳玮，对将来高考阅读理解大概没啥坏处…………
"
国产航母下水……让我想到李鸿章和北洋舰队,https://zhuanlan.zhihu.com/p/26680060,"我们都知道了，上周中国国产航空母舰，下水了。
据说许多人都哭了，我也很是理解。
二十多年前，我初读二战战史，看到珊瑚海海战。对许多周杰伦歌迷而言，珊瑚海是一首歌，在我记忆里，却意味着史上第一次航空母舰对战。我记得瑞鹤、翔鹤，记得列克星敦号和约克城号。说来惭愧，这是我第一次知道列克星敦，那时还不知道，此地对美国独立战争的意义呢。那是年，美国和日本已经用航空母舰对决了；日本国内还有资格大谈战列舰和航空母舰的意义云云。
不难想象，当时我知道珊瑚海海战半个世纪后，中国海军并没有航空母舰时，内心的感受。
所以如今有航空母舰了，就像是，一个夙愿达成了似的。
当然不止如此。
真到航空母舰下水时，我想到的，是李鸿章，以及他的北洋舰队。
不不，我不是想泼冷水。
一般史家观点，都知道李鸿章的北洋舰队，曾是亚洲第一、世界前八的舰队，然而黄海大东沟一战，沉五坏三，邓世昌、林永升们殉国；日舰四艘重伤，但无一沉没。最后舰队屈死刘公岛，编制取消。是为国耻。
清廷认为是李鸿章误国。历史鉴定是洋务运动失败。
但稍懂点海军史的，都懂得。
北洋舰队居然能存在，于清朝这个大时代背景，已是奇迹。
梁启超先生直言，甲午战争，是李鸿章以一人敌一国。
甲午一战，李鸿章诚然有过错，但大体上，不是中国败给日本，是李鸿章一个人的坚持，终于输给了世界潮流。
按北洋水师第一批英制炮艇，年万两白银订购，都是吨级。
年，传奇的“定远号”和“镇远号”，各种吨级到位，寸铁甲，寸大炮。缺点只是航速节，巨大，但是慢。实际上，年之后，北洋舰队只买了两艘鱼雷艇，再没购置新船。
所谓亚洲第一、世界前八，是年之前的事了。这更像是李鸿章一个人的筹措和坚持。
年，日本著名的吉野号，就是邓世昌所谓“撞沉吉野”那玩意服役。之前英国船厂跟李鸿章报过价：节速度，吨级。可惜出于众所周知的原因，李鸿章没法买了。
不止是吉野。日本联合舰队旗舰松岛号，年服役。严岛号，年服役。桥立号，年服役。
又北洋舰队里，十四名舰长里起码十人，是马尾水师学堂一期学生。这一拨人，年春天开学。课程有基本数理化、英法语与古典汉语，轮机班用法语，驾驶班用英语。学了五年，结业后随轮实习三年，再去英国格林威治皇家海校实习。这个班足够洋气：第一名就是大翻译家严复。所以后来严复还去了天津北洋水师学堂总教习，教出了黎元洪。
只是，类似的海军将领，也是后继无人。
甲午海战打不过日本，说穿了，是一支年后再无新船、再无新长官的舰队，打不过一支开战前还在添砖加瓦的舰队。是一个不懂何为国防预算、军备竞赛的古老国度，对抗一支全民攒钱的军国主义国家。
好玩啊：《马关条约》让清廷赔两亿，赔得出；定远镇远两艘让日本全舰队围攻打不沉的巨舰，万两白银；吉野号以最新款巡洋舰，折合万英镑万两白银，清廷却不肯买。
李鸿章要不到钱买新船，于是苦心劝说，说舰队不能跟日本人打，被满朝不懂军事的大臣说是卖国叫斩。
李鸿章曾经可怜巴巴地给光绪写奏章，说是上奏，其实是扫盲：不是他保守，实在是太苦了。
自光绪十四年（一八八八）后，我军未增一船。丁汝昌及各将领屡求添购新式快船，臣仰体时艰款绌，未敢奏咨渎请……海上交锋，恐非胜算，即因快船不敌而言。倘与驰逐大洋，胜负实未可知。万一挫失，即没法添购亦不济急。惟不必定与拚击，今日海军力量，以攻人则不足；以之自守尚有馀……此奏章在年月日，半个月后，黄海海战爆发，结局如他所料。
所以了。
世界军备，是要与时俱进的，所谓现代军备竞赛是也。一步落后，步步落后。落后了就要挨打。伊东佑亨给丁汝昌写的劝降信里，都提到了清朝的决策问题。
所以了，国产航空母舰下水这事，是个挺好的象征。
国产军事工业上去了。军事预算上去了。军备竞赛的步伐跟上了，甚至还可能领先了。
李鸿章那种苦口婆心，跟光绪上折子解释舰队情况扫盲，请求批银子的日子，过去了。
说是中华崛起之类，词太大，不提。
至少，这一下子，确切说，这些年，海军确实起来了。
以及，甲午时期，李鸿章一人对一国、举国只有一个人懂行的时代，过去了。
——一定有人说，航空母舰又不打仗，花那么多钱多浪费。
这却稍微有点想当然。
邓稼先及各位元勋造出了核武器，却也没用过呀。
用现代的话，军备竞赛就是花钱买平安，买腰杆硬，好比普通人的银行账户，哪怕不用，看着也舒心啊。用古代的话，军备竞赛和航空母舰，那就是不战而屈人之兵——造船贵，买船贵，都不如真打起来贵。
这艘航母下水了，我很高兴。同时，我期望这艘航空母舰，永远也不要用到战争中——就像我期望邓稼先公们制造的核武器，永远也不要实际用到。
最好的武器，就是能威慑到周遭，导致自己永远不上阵的武器。
不战而屈人之兵。善战者无赫赫之功，如此而已。
但一国只有够强了，才有资格决定自己打不打仗。美国人开国之后，除了世纪初被加拿大人占过便宜，本土从未受害。
真是美国的对手爱和平么？答：哪儿啊，军费预算填出来的呀！
和平从来是昂贵的——当然，打起来更贵。所以航母虽贵，海军虽贵，这种钱还是得花呀！
"
伤不伤身体我们不管，你揭露了，就活该被追杀！,https://zhuanlan.zhihu.com/p/37011354,"本文纯属虚构。
却说光明顶上，张无忌对崆峒派宗维侠道：
“这七伤拳的拳功每深一层，自身内脏便多受一层损害。实则是先伤己，再伤敌。这七伤拳有害无益，不能再练。”
宗维侠额头上汗珠一滴滴的渗了出来。原来张无忌精通七伤拳的拳理，说来竟丝毫不错。
宗维侠强道：“七伤拳是我崆峒绝技，怎能说有害无益？当年我掌门帅祖木灵子以七伤拳威震天下。名扬四海，寿至九十岁，怎么说会伤害自身？你这不是胡说八道么？”
张无忌道：“本灵子前辈想必内功深湛，自然能练，不但无害，反而强壮脏腑，依晚辈之见，宗前辈的内功如不到那个境界，若要强练，只怕终归无用。”
宗维侠大声喝道：“凭你也配说我崆峒绝技有用无用？你说无用，那就来试试。”
张无忌淡淡一笑，说道：“晚辈只是说内功修为倘若不到，那便练之有害无益，又不是说七伤拳不了得？”
崆峒五老的常敬之暴喝：“二哥跟这小子罗唆些甚么？他瞧不起咱们的七伤拳，便让他吃我一拳，尝尝滋味！”那人声止拳到，出手既快且狠，只一招“千里追捕”，已结结实实打在张无忌背上。
张无忌转过身来，道：“常前辈……”常敬之知道凡是护身神功，全仗一股真气凝聚，一开口说话，真气即散，不等他住口，又出拳打去，砰的一声，这一次是打在胸口：他是想就此让张无忌闭口不言，不料竟一时拾夺不下。
张无忌老大不解，心想自己如实道来，怎的崆峒派如此讳疾忌医？莫非我说得不够明白？
却听常敬之朗声道：“诸位莫被这小子骗了！谁不知道我崆峒派七伤拳历史悠久，凝聚了我中华民族悠久文明？我崆峒五老都身练七伤拳，怎会有害？这小子练的是西域明教邪魔外道的功夫，定是来败坏七伤拳名声的！我崆峒派素来以振兴中原武林为己任，定要将这妖言惑众的小子斩尽杀绝，追杀到天涯海角！”
张无忌道：“你们却要怎的？”
崆峒派唐文亮道：“你露一手武功，倘若崆峒派及你不上，那才无话可说。”
张无忌四下一望，见广场东首有株高达三丈有余的大松树，枝丫四出，亭亭如盖，便缓步走了过去，朗声念道：“五行之气调阴阳，损心伤肺摧肝肠，藏离精失意恍惚，三焦齐逆兮魂魄飞扬！”
别派各人听到，那也罢了。崆峒五老听到他高吟这四句似歌非歌、似诗非诗的拳诀，却无不凛然心惊。这正是七伤拳的总决，乃崆峒派的不传之秘，这少年如何知道？他们一时之间，怎想得到谢逊将七伤拳谱抢去后，传了给他。
张无忌高声吟罢，走上前去，砰的一拳击出，突然间眼前青翠晃动，大松树的上半截平平飞出，轰隆一响，摔在两丈之外。地下只留了四尺来长的半截树干，切断处甚是平整。
常敬之走近一看，不由得张大了口合不拢来，但见树干断处脉络尽皆震碎，正是七伤拳练到最深时的功夫。
常敬之道：“好！这果然是绝高明的七伤拳法，常某拜服！不过我要请教，曾少侠这路拳法从何处学来？”唐文亮厉声道：“金毛狮王谢逊现在何处？还请曾少侠告知！”张无忌一愕，还未答言，常敬之又喝道：“这小贼私通谢逊，与中原武林仇深似海！所说的言语自然也信不得！诸位不可中了他离间之计！我崆峒派身为民族门派，七伤拳是中原武林代表性的武功，怎会有毒有害？”
张无忌毕竟年少，不知其中关窍。原来崆峒派七伤拳练之有害，崆峒五老自然知晓；但崆峒派立派已久，全仗七伤拳撑持门面，门下数代，弟子成千，甚至西北崆峒一带，全仗这七伤拳三字开宗立派、吃饭穿衣。倘若七伤拳三字名头折了，那崆峒派田亩地产、起居衣食，甚至崆峒五老的妻妾姨婶、子女孙媳，个个都要衣食不周。到此地步，自然只得打落牙齿和血吞，纵然有害，也只能传授给弟子们来害人；因此见张无忌横空跳出，一口喝破七伤拳的坏处，五老人人惊怒交集；到此地步，自然只能先追杀张无忌，让他开不了口；再以中原武林民族大义，笼络人心；再以谢逊为由，质疑张无忌的动机，却丝毫不敢多谈七伤拳功法诀窍。这五人心思都是一般：
“七伤拳害不害人，那是小事；你断了我崆峒派财路，须容你不得！武林中人，讲究的便是可讲理时讲理，讲不得理时动拳；不翻云覆雨颠倒黑白，逼得你这小贼道歉求饶，又怎能支撑我崆峒派浩浩家业、赫赫威名、田产资财、妻妾姨婶？比起这个来，区区伤几个人身体，那又何足道哉！”
"
白酒有什么好喝的呢？,https://zhuanlan.zhihu.com/p/25433195,"我少时便不爱白酒。
啤酒清冽，爽口解渴；黄酒醇甜，温润沉厚。白酒有什么好喝呢？
我故乡规矩，乡间宴会，每桌发一瓶白酒。女眷不喝爷们喝。江南酒鬼汉子，酒量再大，也不敢愣喝：小杯小盏，倒了白酒，滋溜一口，皱眉眯眼，满脸痛并快乐着，彼此照杯底：“干了！干了！”我看着他们的表情，心想：
“他们一定也不觉得好喝。”
我小时候，被叔伯辈灌过次白酒。叔伯们醉了，问我能不能喝，不待答，斟一杯，筷子一蘸，让我嗍一口。辣！直冲鼻腔！我一跳，叔伯们哈哈大笑。
所以，白酒有什么好喝的呢？
我离乡后，只在一种情况下喝白酒：送朋友，先喝啤酒，到半醉了，加白酒。年我喝倒过一回：七瓶啤酒后，继以两瓶白酒。醉后犯晕，不觉得白酒刺喉了，于是醉倒，醒来头疼。
回想之下，还是没记得白酒有什么味儿。
年，我与若回重庆。当日我岳父，显然还没接受我为女婿。在他眼中，我谅来仍是个“企图拐走他女儿的异乡人”。我客气得拘谨，他客气得平淡。
当日酒席，有一贺伯伯在列。贺伯伯人风流倜傥，谈吐有致，有他帮腔，我俨然从个外人，成了半个自家人的架势。
然后，开始饮酒。
——我岳父年少时，是他所在工作系统的酒神，横扫两省同行，略无敌手。贺伯伯是他那个行业的杠把子，日常交接，千杯不醉。这是若后来才告诉我的。
——当日我哪里晓得面前是两尊大酒海呢？只是闷喝。啤酒之后，继以红酒。
对话常如下：
贺伯伯：“这个也算你老丈人了，你要敬啊！”
我岳父：“贺伯伯今天这么为你说话，你也要意思意思啊！”
他二人左右提携，哼哈二将，彼此帮腔。红酒之后，继以白酒。那时我有七八分醉，面烫耳热，头壳上半部分飘起，说一句话时已经忘了前一句是什么。恰在这时，奇妙地，我开始觉得白酒好喝了，岳父没那么可怕了——抿一口，像口里爆开了一点，冲鼻腔，呼吸之间，甚至能觉出点甜香。我举杯，“敬您二位。”一口干掉，贺伯伯扬扬眉毛，看看我岳父，然后一口干了。
回去的路上，我坐在车后座，若不停用手摸我额头，问我想不想吐。还好。没事。虽然难受，但吐不出来。若扶我回房间，给我一个盆，让我俯身蹲着，以备我想呕吐。她在我旁边守了会儿，说：
“你过关了。”
“什么？”
“你过关了。他们今天就是想试试看。他们说啊，人喝多了见本性，看你喝多之后没出什么岔子，才放心。”
果然过了几天，再吃饭时，我岳父对我和若说了，“你们俩以后，要好好照顾彼此。”那天他没饮白酒，好像有些失落。我岳母一撇嘴说“他现在也老大不小的了，还喝什么白酒！”
年之后，我逐渐开始懂得喝酒了。先是居朗松产区的甜白葡萄酒，然后是苏玳甜酒，再是波特酒、波尔多、威士忌、杜松子，慢慢什么都喝了。
巴黎冬天漫长，于是开始喝伏特加。大概是从伏特加里，我明白了蒸馏酒真正的味道。冬天出门前，冰箱里取出冰镇透了的伏特加，倒一小杯，一口进嘴，冰冻滑喉，冻得喉咙痛，只觉得冰甜；少顷，辣劲儿才陪着甜味一起散发满口腔，异香充盈，余味挂颊；一条热线直通肚子，眼睛一睁，脸上发热，全身都松快通透起来。这时候出门，多冷的天气都不怕了。
年夏天，我岳父岳母来法国玩。在尼斯，岳父在一家海边生鲜店，看见牡蛎与贻贝的价格，怔住了；朝那短短的菜单，一挥手，“这个菜单上的每个都要！”又要了卢瓦河白葡萄酒，边吃边啧啧：“你晓得在重庆，吃这么一顿得多贵啊？这里真是，便宜又好吃……这个地中海牡蛎比大西洋的多点杏仁味……这个酒也好……”吃了一遍，一挥手，“再全体来一份！”岳母就止住他了：“你的身体！”岳父听了，悻悻地摆摆头，“那就，鹅螺和牡蛎来一份，别的先不要了……”岳母回头跟我们摇头：“这个人的尿酸啊，超标了，还要逞强，痛起来就自己晓得……”
一个月后，年月底，我和我父亲去重庆，双方家长见面，正式提亲。我妈逢夏天便心脏不好，不出远门，此时颇为紧张，忐忑地对我说：
“双方家长，工作习惯、地貌风俗、知识背景都不同，你爸爸这个人慢条斯理，吊儿郎当，一喝酒话就多，可千万别误事！”
当日酒宴上，我岳父高兴起来。问我父亲：
“亲家，能不能喝白酒？”
“好啊！”
我没来得及跟我岳父说，我妈平时老控着我爸喝白酒，每次他偷偷开白酒，我妈就直眉瞪眼；我也没来得及跟我爸说，我岳母平日劝我岳父少喝白的了，逼得他只好整瓶整瓶喝葡萄酒过瘾。
我只好眼睁睁地看他俩开了白酒，又问我：“要不要来点？”
“好，好。”
这一天我不是主角，得以坐山观虎斗。没人催，我喝得慢，终于有点意识到，何谓滋溜一口酒，吧唧一口菜。酒是要一口下去的，爆一下的快感，一下是一下；酒香爆出来后，满口满笔，浓而且醇。味觉这玩意是要成长的，就像我初吃重庆菜时，只觉得辣；吃多了，其中香麻甜咸厚，才品得出来。
我岳父和我爸就这样，你一杯，我一杯。他们也不聊我与若的事，只这么对喝。酒过三巡，岳父眼有些红，忽然开始讲往事了，讲到后来，滔滔不绝。工作、心情、父母为儿女的心……
我看看若，若看看我。事后想起来，大概我岳父是这么想的：
——许多话，太亲近的人不好说，太远的人不好说；我和若对他而言太小了，不好说；遇到个有阅历的亲家，无利害关系，无共同朋友，反而好说了。
——事后我爸回去无锡，对我妈大夸，“亲家是个风度翩翩，大有内涵之人啊。”说得太多，我妈都不乐意了，跟我告状：“你爸每次都把去趟重庆说得跟个历险记似的！”
那天完席之后，岳父兴致高昂，请若的舅舅开车，拉我父亲去重庆南山，看渝中半岛风景。看他俩蹒跚着互相提携上山，我和若面面相觑，说不出话来。
回程时，我和若讨论过这一点。
“你爸爸酒量，是不是稍微下来点了？”
“你这么觉得？”
“当年他和贺伯伯可是随意就把我灌倒了，自己面不改色啊。”
“有年纪了嘛。也不敢让他多喝了。”
“我爸爸当年也挺能喝的……现在，容易上脸了。”
年初，奇寒。我与若回重庆过年。我、若、岳父、岳母在一家冷锅串串馆子坐下，岳母与若去挑串串了。
我岳父问我：“要喝点酒不？”
“好呀好呀！”
“白的吧？”
“好呀好呀！”
岳父疾抬手，招呼，“来瓶老窖！快！”酒来，我与岳父一人一杯，岳父抿一口，眉开眼笑，“好！”我也抿了一口。喝酒多了，我逐渐能体会出何谓绵柔，何谓醇香了。
岳母回来，一看桌上，叫道：“哎呀！怎么又喝酒啦？”
岳父立时一指满脸迷惑的我：“是他要喝的！我陪他喝！”
岳母看看我，摇头：“你呀，上当啦！”
只剩下张口结舌的我。
今年春节，我去重庆前，父亲帮我预备礼物分送重庆的亲友。他列好名单，反复琢磨，终于给若的舅舅、母亲等人选好了礼品。送岳父什么好呢？犯难。
年初二吃饭。我、我父亲和我小姑父一桌。吃喝了些，就聊这事。送什么礼物好呢？
小姑父道：“送酒。”
我与我父亲跟我小姑父解释，送酒好像不大合适：岳父家有的是酒，更何况，岳母还限制岳父喝酒呢！
小姑父道：“送酒！听我的没错。”
我爸又想了想，一拍我小姑父的大腿，“对，送酒！”
“他老人家什么酒都有的吧？”我提醒。
我爸一脸的语重心长：“你不懂了。这个酒是我送的，亲家公只要说‘这是亲家送的！’自然就能放开喝，大口喝，随意喝。你再想想。”
我再一想，恍然大悟，五体投地。
——事后想起来，我小姑父是怎么知道这种招数的呢？看看我小姑，我大概明白了。
——我旋即给岳父发了微信，说了要送酒这事。一会儿，岳母在一个微信群抱怨道：
“前几天，他做什么都低声下气求我；刚才接了个微信，态度立时就傲慢起来！”
白酒有什么好喝的呢？
过了开头，不太习惯的那一口，是真挺好喝的。
就像我岳父这个人似的。
"
你上次被人称呼“同志”，是什么时候了？,https://zhuanlan.zhihu.com/p/53075603,"月日午后，我坐北京到无锡的高铁商务座，回家去。
邻座有位白寸头穿军大衣的老人。大概是儿女买的票，他对车上的许多细节不大懂，用方言问列车员：这个按钮是干什么的？这个垫子是用来干啥的？如此云云。
商务座为图安静，列车员惯常不在车厢里，有事打招呼叫他们即可。那老人两次要上洗手间，并没叫人，独自站起来——他站起来时，我才发现，他左手左腿似乎动不了，靠右手的四脚拐杖撑着，斜身走。我起身，扶着他：开门（移动门，站一刻即开，但他不知道，还在寻门把手）、开洗手间门，关洗手间门。等他上完洗手间了，弯腰冲水的事，我代劳了。
他很客气，中间不停说谢谢，我逊谢几句，彼此无事。
列车员因不在车厢里，看到我扶老人家出来才发现，事后也谢了几声。
老人在滁州站下车时，我扶他到车门口。
他回头，对我说了一句：
“同志，谢谢你。”
因为各种原因——年纪、从来没工作过、长期蹲在无锡、上海和巴黎——总之，我这辈子第一次被人称呼“同志”。
后来回程独坐，细想了想前后因由，忽然觉得有点——很奇怪的感觉——光荣。
我没被称呼过同志，但这词，我从小听得多。老电影里字正腔圆的声音，老连环画里刚正不阿的英雄形象。多用此语。
后来战争题材电视剧，对这个词用得越来越少，而喜欢用“兄弟”之类词的用意：的确，历来对同志的用法，太刚毅了，所以说成“兄弟”，大概想显得更人情味，更生动，更血肉连心。
但我外公——他出生在年——跟我说过，他年少时，这个词很光荣。
“那时候，社会上流里流气的人，都可以称呼兄弟；但如果被人称呼一声同志，就很光荣，给人的感觉就是，亮堂堂。”
的确如此。
蒋先生麾下那些称兄道弟的江湖人，为什么打不过小米加步枪，部分原因在于：当时人民基层的对抗蒋先生的诸位英雄，彼此称呼的不是蒋先生麾下那些江湖气十足的“兄弟”，而是“同志”。
年月日，叶挺将军出狱第二天，给延安发电报。延安最大的人物拟回电时，在“叶挺将军”还是“叶挺同志”的称呼间斟酌许久，最后如此称呼：
“亲爱的叶挺同志”。
那时候，这个称呼，光明磊落，亮堂堂。
孙文先生遗言“同志仍需努力”，也是这个意思。齐心合力，图创理想，不是兄弟，不是同胞，是为同志。
现在我们知道，同志这个词，在日常口语里，不太用了——哪怕用了，也有别的意思。
这个意思如此喧宾夺主，以至于年，某城公交集团发布的司乘人员“文明用语规范”中说：“同志”一词，仅用于称呼年长乘客，不再对年轻乘客使用——年轻人知道“同志”在口语里有别的意思，听着觉得怪怪的；老人家们许多却还不太知道。
二十九年前，林奕华先生在香港创办了一个以LGBT为主题的电影节，并将其中文名定为“香港同志影展”。他的意思，就是取孙文先生“同志仍需努力”。的确LGBT一向弱势，需要彼此协力，为LGBT的权益鼓呼。
但喧宾夺主，反而将原有的意思给推出去了，总感觉也有些奇怪呢。
现在想起来，我小学的语文课本里，有一种质朴和谐的审美：中国幅员辽阔，五十六个民族相亲相爱，农民伯伯勤劳勇敢，城市居民积极向上，春天万物复苏，夏天烂漫璀璨，秋天丰收圆融，冬天瑞雪纷纷；孩子们如何去为五保户老爷爷扫雪，如何拾金不昧，如何立志远大，想当解放军、科学家和护士……甚至连数学课本里，都会不经意的编些诸如“红星农场秋天苹果丰收，一共有吨苹果，问能载重吨的辆卡车需要多少次才能运完”，如此云云。
那是一种家族式团圆、互敬互爱、推心置腹、万众一心的审美。多年以后，经历了些世情的我们，难免觉得这种氛围消散了；然而这种质朴圆融的感情，的确曾经如此美好。
久活在那种氛围下的人，确能够推心置腹地在日常生活中说出：“同志，谢谢你。”一点都不会觉得奇怪。
那位老人家，懂得“同志”这个词意在口语中意味的变化么？我不知道。
一种可能是，他知道“同志”这个词如今在口语里，意味已有些不同了，依然如此称呼我，那是令人感佩的诚挚与认可。
一种可能是，他并不知道“同志”这个词如今在口语里，意味已有些不同了，但他依然生活在那个质朴的年代，相信“同志”这个词在日常口语里，还是那么自然而然。
无论哪种可能，在这个时代，这份老去的光风霁月，都算是珍贵了。
这份质朴圆融、推心置腹、日常生活说一句“同志”会让人觉得与有荣焉的氛围，跟着那位老人家缓缓下高铁后，一切重回到年的冬日黄昏。在日常生活交流中，这个称呼老去了，这个称呼流行的氛围也老去了。
像我这种，听到这个称谓会感动一下子的这一代人，大概也在慢慢老去了——想想，真奇怪：这个称呼，曾经是最为热情平等、最有少年气象、最富有理想主义精神的呀。
"
周立波这个人，真真作孽啊,https://zhuanlan.zhihu.com/p/24971663,"今天知道周立波先生在美国被捕、查出了枪支和毒品的事后，我第一时间，脑补出了以下景象：
在上海某片天空下的关栋天老师，偶然扫过今天的新闻，目光在某演员涉嫌吸毒的字样上停留片刻，摇了摇头，叹了口气，嘴角勾出丝苦笑，道：
个只赤佬……
（若换个性格刻毒的人，大概会补一句：内伊做忒。但我想象中的关老师……大概做不出这等事吧）
（稍微关注周立波久一些的人，便知道早十年前，他前妻便说过他吸毒的事。所以类似的事情爆出来，真也不奇怪。）
上面这个，算上海周边普通围观群众的梗了。
说点其他的。
我个人习惯，喜欢的会着意宣扬，一再提及；不喜欢的，避而不谈。周立波先生不算我喜欢的那类人，所以看他遭罪，说我内心里没涌出些许幸灾乐祸之感，就太矫情了：“一个吃相难看作天作地的家伙栽了吧”，难免如此想。
但我还是想说点别的。
许多人大概有类似体验：欣赏了一个喜剧人，之后风云变幻，物是人非，多少还牵挂着；不论他现状多糟糕，一想到他的旧作品，心一软，就劝诸位骂他的人：“这人现在是挺糟，但你看看他以前的，他以前的，还行。他现在演出是敷衍，但以前，真的……”
这个时代，许多艺人都如此：成名前奔走江湖，积累了数年、十数年、数十年的功底，乍然一响，光芒万丈。但十年笑料有其用竭之时；观众群有扩大之日。用来吸引核心观众的笑话讲完了，得另外找辙圈客了，这一步迈得好的实在少。于是旧观众抱怨此人今不如昔，新观众认为此人名不副实。又，艺人从来善茬少，马三立先生说话，“这行没好人”。就很容易出事了。
周立波先生算个例子。近十年前红将起来，然后，与关栋天先生闹掰，四处树敌，姿态比较拆烂污，结果坍了台，现在，大有墙倒众人推之意了。
设若只到此为止，也不尽然。
将近十年前，周立波出来一系列作品，先是笑侃财经什么的，效果一般；此后笑侃三十年，笑侃大上海，这才红得爆棚。
当然之后他要亲身代表上海形象，指东打西，那就难免癞蛤蟆背着手，冒充小领导了。
我是江苏无锡人，自小随我外婆，听周柏春先生，看严顺开先生，晓得王汝刚先生。上海人的趣味，我大概明白一点。周立波的笑侃三十年和笑侃大上海，并不高明得惊天动地，主要还是老滑稽戏的许多技法，但有一个妙处：立人物，共同回忆。
这一点，天津相声迷大概懂得。比如外地不喜欢马派相声的，会觉得马三立先生那些段子，包袱又少，说的地名又不认识，有嘛好笑？喜欢的，会觉得马先生立的人物，张二伯、钓鱼的、卖炸糕的、买松花的，甚或少马爷的王德成与丁文元，真是活灵活现，马先生的语调，生生就是天津市井小民狗起来的劲头……听多了，仿佛身处画图中。
周立波早年的段子，也是如此。讲的是七八十年代上海人的共同记忆。周立波所谓的打桩模子，艺术效果当然无法与马三立先生的张二伯相比，但同样是一个，“我们自己城市的人知道这个破玩意，对我们那里人就是这个破德行”，这么个人物。
于是许多喜欢周立波的人，尤其是上海人，不是多爱他这个人，而是喜欢他描述的旧上海，于是以一种且嘲弄且激赏的姿态，仿佛看滑稽戏：
“个赤佬，看着像个小瘪三，吃相也难看，但是还蛮灵格，好白相……”
之后呢，又连带出另一种情绪：
“个人还蛮敢讲的，我们想说不好意思说的话，他都给说了……”
我父亲那个年纪的苏锡常人，奉上海为圭臬。上海好，洋气，落魄了还是要有派头的那种洋气。那个年纪的上海人，不少也如此想：上海自有其派头，落魄了也要有派头。这样家庭出来的，就构成了这么一群人。我认得一位，是这样的：她要讲派头有礼貌，不能公开表达上海地域自豪感，于是找了周立波。她并不佩服周立波，甚而觉得他油腻，只是，“这家伙讲的话，有些还蛮中听的。”
这里其实是个微妙的点，是个喜剧人的定位问题。
一切笑料，都来自反差。
普通一点的喜剧人，是单方面嘲弄。
高明一点的喜剧人，是自嘲。
最高明的喜剧人，是先自嘲，再反过来嘲弄其他——比如赵丽蓉老师总是先立一个朴实敦厚啥也不懂的老太太，反刺“司马光砸缸”的电视台、麻辣鸡丝的包装、宫廷玉液酒一百八一杯的物价。比如陈佩斯那句神一般的台词：
“没想到啊没想到，我原来以为只有我这样的才能够叛变，没想到你朱时茂这么浓眉大眼的，也叛变了！”
最高明的，也最难。表演需精巧，矛盾设置需精妙。
周立波在笑侃三十年和笑侃大上海里，已经走到了第二步，通过许多上海人自嘲改革开放前的困难与自尊，找到共同记忆，立起了打桩模子、偷吃油条的上海小囡等形象。
但他自己，又回去了。
最容易引笑的：政治、性、地域身份歧视。这几样门槛不高，但艺人一旦开始走时事路线，搞地域身份歧视，就是走钢丝，势必口碑两极分化。如果处理得不够精妙，就很容易糟糕了。
以周立波近几年的表演状态，糟糕了，似乎也没什么遗憾的。我只是想起当年关栋天先生为他铺的那条路，为他建立起的“找老上海人共同城市记忆”的路线，稍微有点可惜。
他年已经惹过事了（著名的打岳父），本来可以算浪子回头。他本来在十年前有机会，可以成为类似于李伯清先生那类，让一个地域的人会心一笑，成为城市暗号的喜剧人，结果自己作到了这一步。
那时，我身边有几位上海朋友的父母，着实需要这么个，“你听听，我们那时候就是这样的呀”，这样一个共同记忆喜剧人。
上海话里有个词，极为精妙，与普通话意味不同。普通话里，这个词是控诉一个人为非作歹。但上海人说这个词，根据语气不同，可以包含着许多重意味：
“可恶！”
“讨厌！！”
“罪过罪过……”
“哎也是自己作的，可恨是可恨，也有点可怜……”
用来形容他，也是极确：
“作孽啊！”
"
跟你们明星大爷不同，我们凡人活下去就竭尽全力了,https://zhuanlan.zhihu.com/p/34984389,"在NBA，有一些名字如雷贯耳，几乎可以传到火星。在本星球上，甚至一些不懂英语的人，也能对这名字念念有词。
但也有这么一群人：
他们效力于某支球队，但他们可以不戴墨镜走在离主场球馆米远的大街上，无人围观索要签名。不看球的老奶奶听到他的名字，会好心好意追问一句“你是打篮球还是打橄榄球的呀？”
只有那些买了季票，对球队上下谁打了几个喷嚏谁偷喝了几罐可乐谁逃了几次训练谁的新车又被刮了都如数家珍的死忠球迷才约略知道他们……好了，他们就是NBA真正的底层球员：
他们很少有球鞋合同，几乎没有广告。他们没有豪宅名车，胆战心惊于自己下一份合同在哪里。每年的交易截止期切近，他们就盯着手机，等经纪人或球队告诉他自己又做了添头，被货物一样送达另一个城市。他们不挑天气不拣队友不抱怨联盟，一门心思只是思谋下一份合同。他们就是NBA金字塔的底层。
而他们的生存法则，理所当然，和NBA的巨星截然不同。
永远别觉着自己是最聪明的。
电视机前的球迷居高临下俯瞰全场，总觉得NBA球员一头头吸收营养只达四肢未及大脑，不够聪明。犹如平日里史书说某战将如何如何有勇无谋，让大家以为自己穿越古代，可以如何把项羽张飞们玩于股掌之上。其实能青史留名不湮没于茫茫人海，哪个能简单了？同理，能打到NBA挣到至少几十万美元年薪的，能笨到哪里去？
前NBA球员保罗·谢尔利的说法，他在美国与欧洲之间七八个队效力下来，发现大多数队友聪明得惊人。如你所知，一个合格的NBA球员，得记下成百套战术的跑法、两位数防守的应对，外加对位球员的天敌喜好习性。球员笨了，哪有这等资质？
其实NBA另有一个倾向：越是底层球员，普遍智商越高。例如当年波士顿凯尔特人板凳上的万年阿呆替补斯卡拉布莱恩，被公认为球队智商最高的人物——实际上，不打篮球的话，他可以去当飞机工程师。
NBA的球员构成是这样：超级天才都是象征性读了年大一，就被联盟列强截走；大一时混沌未凿，大二忽然崩现光芒的人物，基本也被万恶的资本家截走。大三进NBA的，若非名校出身刻意留难，就是技术胜于天赋，软件高过硬件的早熟学生。真熬到大四进NBA的，七成以上是身体羸弱的纯学院派，靠文绉绉纯技巧混饭。
像安东尼·帕克、布鲁斯·鲍文这类球员，普遍高智商又阴险。天赋寻常，于是足迹遍及欧洲与美国。乍看沉默木讷，可是切开他们脑袋，会发现那里面抽屉式装满全联盟球员的爱好习惯特征套路。须知他们打球，全靠快速存取这些信息，加以筛选预判。如此这般，底层球员普遍体格并不出众，大脑再不快人一拍，不免被优胜劣汰。
之所以NBA球员普遍被人看得笨些，一是球迷们的想当然耳——设身处地想象下，站在二万人的球场上，面对世界顶级的防守者们，在长达两个多小时的疲惫比赛中保持注意力，比你想象中难得多，二是大多数球员的访谈并不显得那么睿智或是博识。
但是如你所知：NBA球员也是人。他们有训练、比赛这些累得死人的事情，每天要面对无数球探报告和录象，中间夹杂着飞机来往、大巴奔驰，来不及像个办公族一样读书看报了解世界信息。实际上，你去找大多数底层球员世界政治状况或环保话题，他们未必能够问一答十。但是，一提到篮球，你会发现他们（尤其是那些脱了球衣和普通市民无异的白人小个子）人人口若悬河，简直是本活战术册。年，黄蜂得到了纽约的蓝领铁汉安东尼·梅森，意外发现此人不仅有一身黑旋风拼劲，还能客串组织前锋，传球华丽，指挥得当。问及他猛张飞怎么能使绣花针，梅森一咧嘴：我可也是苦孩子出身，在混纽约前，可在土耳其流浪过呢……
比教练还要教练。
实际上，一个长达场比赛的常规赛季，并没那么有趣。哪怕你对篮球热情旺盛像初恋女朋友，每周那么三四场比赛，也足以让你日久生厌，视之如黄脸婆。当赛季进行到五十场、六十场时，教练的每次暂停，喊的话都已经让人耳朵生茧。比如说，年夺冠之后，邓肯就曾惟妙惟肖的预先模仿了波波维奇摇头晃脑的赛后感言——丝毫不差。
真正对每场比赛都如临大敌细致准备的教练，其实屈指可数。查克·戴利这样的大宗师，才有本事每场赛前滔滔不绝、赛中频繁笔记、每次暂停布置新东西、赛后还能规范总结。年季后赛，凯尔特人每次暂停，道格·里弗斯的发言翻来覆去就是“要合理投篮！不要英雄主义投篮！”米切尔教练曾经给多伦多猛龙布置的无非是“保护篮板！把握空位跳投！”而大多数明星们在暂停时，都在东张西望。教练的布置左耳进右耳出，他们只是一脸漠然而心中暗想“都他妈落后分了还说什么”，或是“那个拉拉队姑娘腰不错”，或是“嗯这个主场观众互动蛮有新意的嘛”。
但是底层球员可不能这样做……
你会发现，每次暂停时，当教练祥林嫂般说车辘轳话而主力们集体神不守舍之际，总有那么几个球员——哪怕穿着比赛外套，额头不见汗，出场时间记录为零或者三分钟——凑到教练身旁，一副聚精会神必恭必敬的姿态。如果没有他们的衬托，教练的布置基本冷场。
喏，这就是底层球员的作用：他们要显得虚心谨慎敬业。在这个大牌球星们普遍年薪压教练三五倍的年代，这样的行为最为讨巧。当然不只是日常比赛。平时训练，他们总得比教练所布置的多做个。先教练之忧而忧，后教练之乐而乐，让教练深觉不给他们挤点儿轮换时间出来，简直愧对了他们。一个有趣的反讽：他们通常是最不需要教练提点、暂停来布置和纠正的球员，但教练做提点时，他们总是最专注的一个。
鞍前马后，唯老大马首是瞻。
NBA有种种山寨风流。走江湖义字为先，而所谓义，就是见了宋公明哥哥纳头便拜的兄弟义气，论资排辈。姚明这样的状元新秀进NBA，还得每次训练前负责拿装备，挨门挨户放各位大哥房间门前，何况底层新秀？
孙悦在湖人时，曾经因为兄长们在飞机上一念心动，就奔去快餐店，带个汉堡杯奶昔杯薯条来。年鲍比·琼斯去了费城，被奇克斯教练押去当阿伦·艾佛森的私人闹钟，“你负责每天叫他起床”。即便如此，你也听不见他们半句怨言。
一个典型例子：
吉米·亨特打了一辈子野球，也就是季打过发展联盟。年秋，终于被步行者召用。这辈子终于有机会进NBA，只觉眼前一片玫瑰色。去到印第安纳后，四处陪不是打小心，琢磨拿下自己第一份长期NBA合同，也好养家糊口。季前赛期间，斯蒂芬·杰克逊兴起，带着廷斯利、丹尼尔斯，说去夜店，哥哥带你们见世面，顺口叫上了亨特。结果当晚出事：夜总会里杰克逊和老板吵架，出门撞车，杰克逊掏枪朝天鸣响。警察杀来。查证之后，杰克逊自己鸣枪不算，廷斯利、丹尼尔斯车里也有枪，廷斯利车里甚至还有大麻。结果呢？落难的却是亨特。无枪无毒，本来只是被强拉去做跟班，但一遭此事，立刻被球队开除。
你大可以说，亨特自己活该：乍进队就泡夜总会，把自己当大牌了？实际上，亨特也是可怜人：他一个岁的老新秀，和年乍到猛龙的贾马里奥·穆恩一样，去训练都只能坐公车，哪像大哥似的可以去夜店逍遥？但NBA球员，尤其是弱队，并不像世界想象得那么亲密无间，亲如兄弟。底层球员的生死，通常是大哥一言而决——也不必自己动手，随口跟教练一句“我不喜欢某某”，或是场上不给传球，足以封杀一个底层球员的职业生涯。如此这般，大哥给你面子，不去自动失宠。
二轮出身的球员，如果能侥幸跟上一位老大，就足以奠定前程。年，丹尼·吉布森蒙勒布朗宠爱，听勒布朗公开宣称“我要把他置于我的翼下”，于是跟前跑后，几乎成了勒布朗的影子，铁了心做冷血射手，赛后各类采访句句不离勒布朗，于是磨出了头。
杜德利新到太阳队，立刻当了纳什的小跟班，连食谱都跟着纳什。哪怕出入全明星周末，也要问纳什何者可吃何者不可碰。须知这时代，成了老大的心腹，有时比当教练还管用——尤其是那些球员功高震主、分量重过教练的球队。
洁身自好，清心寡欲。
张伯伦号称有后宫二万，尤因是黄金俱乐部VIP，道金斯自称女俘虏数以千计……布伦达·托马斯形容NBA球员的生活如何纸醉金迷时，描述有多少女孩子在酒店打伏击，试图搞定球员们。可是，如果你以渔色为目标进NBA？现状多半令你失望。
魔术师当年算是风流人物，但尊贵如他，还要在斯台普斯球馆附近另租一公寓，派专人挑选些女孩子与他一夜风流。这类事务费心费力，而且惟有他这样的大牌，才能让教练睁一眼闭一眼。同样是在酒店里拥着女孩子，球星们可以在教练眼前大摇大摆走过，底层球员就容易被教练训斥。
何况，大多数乐于献身的女球迷并不是那么铁杆的NBA球迷，她们认识一些公众人物，但对底层球员了解有限。而底层球员们，如前所述，谋生尚且不及，来不及去风花雪月。何况，打球、训练、飞机已经占去大把时间。若没有魔术师这类通天手段，也难以抽空安排这类春宵良约。
非只是女色，其他方面，底层球员也不敢穷奢极欲。乔丹这样年入近亿，足以当球队老板者，六十多年NBA历史只此一人。世纪的底层球员虽然比年代富庶得多，无须再合租打地铺之类，但也要省着花：十天NBA合同，万把美元，已经有球员争破了头；一个整季合同，几十万美元，算是生涯的伟大成就，可是买完房子车子，也就所剩无几了。底层球员这辈子能挣上这么一两个几十万，已经谢天谢地，花起来自然小心翼翼。所以贾马里奥·穆恩在获得猛龙的第一份合同后半年，连车都不敢买。
所以你几乎听不见底层球员有诸如肖恩·坎普般的大把私生子、文·贝克的发胖、魔术师的HIV之类故事。他们都谨小慎微保持着身材，铁公鸡一样量入为出，所以像巴恩斯、查克·海耶斯这类人物，都有点不老常青树的意味。很简单：他们不敢，也没有灯红酒绿声色犬马的机会。
马特·邦纳当年在多伦多时都不敢买车，坐地铁去球馆训练，买三明治不舍得加双份鸡肉，直到他在马刺多年，混到过总冠军戒指了，拿到价值千万的新合同了，决定庆祝一下：
“我要个双份馅儿赛百味！”
现实一点，这是份工作。
对待职业篮球最理智的人，是球员自己。他们身处其中，没有孩子们们山呼海啸的热情，没有铁杆老头们近距离目睹球星时的热泪盈眶。他们过于了解职业篮球，而比赛耗尽了他们的大多数热情。
当然啦，超级巨星会谈论梦想、冠军、成功、荣耀。那是球星们的特权：勒布朗们把玩MVP奖杯，琢磨无数历史数据。而如果你每晚在场边看队友们打球，挥舞两小时毛巾，只上场打那么两三分钟的话，你就知道伟大记录们跟你，实在风马牛不相及。
底层球员们打球最现实：哪怕落后分，他们也会抓紧每次机会，争取得那么两分；他们会跑好每次战术，然后指望教练们看见；他们会在全场球迷打呵欠时去扑每个篮板球，知道这一切都会被技术统计记录下。他们不介意被对手骂做肮脏，只要教练派他们这么做。
本·华莱士年承认，他年轻时也有过梦想，“像乔丹一样扣篮，像魔术师一样传球，像伯德一样投篮，像刺客一样运球。”可是？“为了生存，我必须抢篮板球”。底层球员们打得不漂亮——除非为了取悦球迷。他们总是追求最直接、最擅长的事，有时甚至千篇一律。
——无所谓，他们打得极其现实，因为他们只在乎一种人的眼光：那些给他们开合同、发工资的人看到他们打球。出手次数？攻击权限？发挥自己才华的战术布置？荣誉？奖项？伟大梦想？历史记录？那都是饱暖思淫欲的天才与巨星们所追逐的。
用爵士老雷神马克·伊顿的话说：
“如果你曾经和我一样在加油站工作过，你也不会介意像我一样，每场只投次篮了。”
生在这世上，谁他妈是容易的呢？
"
金庸先生逝世了，为什么我们会如此难过,https://zhuanlan.zhihu.com/p/48152024,"金庸先生仙逝了。岁。
为什么我们会这么难过呢？
岁，按说算喜丧。当年小昭在地道里跟张无忌唱：“到头这一身，难逃那一日。受用了一朝，一朝便宜。百岁光阴，七十者稀。急急流年，滔滔逝水。”七十者稀啊。无崖子九十三岁，童姥九十六岁。
论作品，到年十四部就写完了，几年后修订完出《三联版》，屹立已垂四十年。至少我是不再指望他出啥新作品的了，也没指望他给《雪山飞狐》来个结尾，告诉我们胡斐那一刀是否劈了下去。
所以，为什么呢？
昨天中午，我在巴塞罗那去斐格里斯（那地方有个达利博物馆）的火车上，知道了这消息；之后懵了一阵子。几个地方让我写稿子，我说，一时写不出来。
等整理好思路，是之后从巴塞罗那回巴黎的路上了。
一路只看着手机上，不停地弹各种的推送，“武侠小说泰斗”一连串地出来。
我稍微有些不满。
金庸先生过世了。此时出来贴的称谓，算是盖棺定论。“武侠小说泰斗”，我觉得，这说法实在窄了些。
王小波以前说，卡尔维诺那些小说就是小说，不必特意贴个历史小说的标签。同理，《鹿鼎记》、《天龙八部》、《笑傲江湖》这些，本身就是杰出的小说，已无必要特意贴个“武侠小说”的标签。熟悉金庸与《明报》的都知道，他的影响，又不止小说了。
我一直反复念叨：金庸先生的技法，是真正的包罗万象。
情节上，有许多化用了世纪西方通俗小说，尤其是大仲马的桥段。
比如，《连城诀》，狄云遇到丁典，被指点出自己冤狱的缘由，激发复仇之心。《基督山伯爵》的剧情。
比如，《射雕英雄传》，洪七公去舱底偷酒，发现炸船阴谋，于是带郭靖先行避开，让欧阳锋自己烧船自作自受。《二十年后》的剧情。
比如，《雪山飞狐》，胡一刀苗人凤兵器各自被人上了毒而不自知，这个剧情从《哈姆雷特》之后被用了不知道多少次。
比如，《飞狐外传》，胡斐请汪铁鹗带他为内应，周铁鹪派个替死鬼来帮忙。比如，《碧血剑》，夏雪宜勾引何红药偷金蛇剑。这些剧情，都是世纪浪漫主义连载小说常见桥段。
比如《连城诀》砌墙一段，是爱伦坡用过的。
但不止于此：金庸先生还化用了中国小说许多东西。
比如《书剑恩仇录》里文泰来夜追瑞大林前那段饮酒戏，完全是《水浒》笔法。
比如《鹿鼎记》里韦小宝写字一段，戏仿《红楼梦》贾宝玉去秦可卿房里的段落。
比如《天龙八部》里耶律洪基与楚王之战，全是中国评书演义打仗的套路。
比如《书剑恩仇录》里说及鸳鸯刀时，说韩世忠用长短刀，典出冯梦龙《三言》。
金庸先生的小说，其实是兼容并包，无所不采的。好比北冥神功，到处吸，最后汇成段誉的深厚内力。
但最可怕的，还是技法。
中国古典小说，您回忆四大名著看，大多是全知描写，很少金庸这样，“第三人称单主角视角加大量心理描写叙述”的。比如《天龙八部》，段誉线，视角几乎全是段誉；萧峰线，视角几乎全是萧峰。
主角并不知道一切，由此而有悬念，由此才引人入胜；《碧血剑》那就是袁承志慢慢探索到温家的秘密、金蛇郎君的一切、满清的谋划，等于是借着袁承志视角带你看明朝最后几年；《射雕英雄传》等于是让你代入郭靖视角，目睹成吉思汗的创业，塞北江南，认识黄蓉，经历东邪西毒南帝北丐，最后华山论剑；《鹿鼎记》更是以韦小宝的视野，带你观赏康熙从平鳌拜到平三藩到平台湾。
今年月，我去央视外语频道录个节目，用英语聊金庸；我试图跟那位意大利主管说金庸的魅力，当时也只能这么说：“混合了中国传统小说的个人冒险传奇”。
这种第一视角的代入感说来容易，其实很难写：既需要精确细腻的动作描写，又需要适当的心理描述；后一点非常难，需要有极好的尺寸感才能把握住不出戏。四个字：沉得住气。
其他，比如《射雕英雄传》，郭靖和黄蓉在墙壁里七天七夜疗伤，看外面你方唱罢我登场，金庸先生自己在后记里承认：那是戏剧的写作手法。
比如《雪山飞狐》文本形式极其妖艳，之前的情节和悬念，是靠大家你一段我一段，补叙出来的。所以实际故事情节不到一天，主要是大家在来回叙述。这种套路，《基督山伯爵》用得极娴熟，而先前的中国小说，几乎没有。
马尔克斯认为，纯粹讲传奇故事的技法，《基督山伯爵》已到极限。
我借这个套：
纯讲传奇故事的技法，金庸先生是集合了世纪之前，中西文学的巅峰了。中国古典小说那些套路和世纪西方通俗小说的叙述，他都用到炉火纯青了。
论文笔，则金庸先生的文风，尤其是修订版，是故意向旧小说方向靠的：那是为了避免翻译腔。这是在汉语读者能接受的情况下，最为简洁通俗的写法。
《飞狐外传》后记里他说：
这部小说的文字风格，比较远离中国旧小说的传统，现在并没有改回来，但有两种情形是改了的：第一，对话中删除了含有现代气息的字眼和观念，人物的内心语言也是如此。第二，改写了太新文艺腔的、类似外国语文法的句子。
有十分力，使一分；不煽情不废话，只顾描写动作与场景。当然，要煽情时，就能煽到你哭起来，但那是偶尔为之了。于是举重若轻，于是行云流水，于是场景自然动人。这种精确节制，造诣之高，还是那四个字：沉得住气。
所以，是的：从技法到成就到厚度到人物，现在华人世界论影响与产出，如果还有人当的起“文豪”二字，也就是他了。
即，我们失去了自己的大仲马与巴尔扎克，自己的莎士比亚与狄更斯，失去了可能中文有史以来，影响中文读者最多的人。
当然，我估计大多数读者，也不是从这个角度想的——实际上，如上所述，因为沉得住气，所以金庸的许多技法甚至不显。所以爱他的读者多，真把他供起来的少。
读者们接受的，更多是故事，是人物。
或者说，一个我们久已熟悉了的金庸宇宙。
沈从文先生说小说立人物为先。的确。我们提到伟大作品，总是先记得典型人物。
中国小说里，堪称典型的人物？贾宝玉、王熙凤、林黛玉、薛宝钗、史太君、晴雯等诸位大观园中的；诸葛亮、曹操、关羽所谓《三国演义》的三绝；西游路上的师徒四人；武松、鲁智深、林冲、宋江等。
关于典型人物的意义，一个例子：虽然《水浒》里卢俊义的戏份重得多，但人民印象里的潘金莲、西门庆和王婆更加栩栩如生。
这就是所谓“人物立起来了”。
作品的细节都是死忠爱好者在抠，而我们记住人物，都是因为典型时刻的典型性格。所以我们这代人还会记住王二、陈清扬、红拂、许三观、福贵，记住范柳原、白流苏、骆驼祥子、翠翠与二老，记住孔乙己和阿Q。
而说到金庸，我们会自然而然地报出一堆人、一堆戏码与一堆梗。段誉萧峰虚竹、郭靖黄蓉、东邪西毒南帝北丐中神通、杨过小龙女、程英陆无双、张无忌赵敏周芷若小昭、令狐冲任盈盈左冷禅任我行岳不群林平之。
在聊天交流时，这些仿佛是共通的密码，不需要多解释。
这种“不需要解释，报出来就可以了”，恰好证明，我们都身处在金庸宇宙里，而不自知。
金庸先生自己很得意过一下子，《笑傲江湖》后记里有言：
《笑傲江湖》在《明报》连载之时，西贡的中文报、越文报和法文报有二十一家同时连载。南越国会中辩论之时，常有议员指责对方是“岳不群”或“左冷禅”。什么叫深入人心呢？这就叫深入人心了。
这种深入人心，让我学到了些东西。我初读金庸时年纪还小，许多词都是那里学来的。比如说，上文提到的泰斗这个词，我最早是从金庸小说里学来的——是《书剑恩仇录》里大家描述周仲英老英雄的。举重若轻这个词，我是从《天龙八部》里小镜湖段正淳大战段延庆时学来的。造诣这个词，我是看《射雕英雄传》里丘处机大战江南七怪时学来的——一开始我还念成“造纸”呢。
但还有另一重意义。
我和几个朋友聊过，结论是，我们一直念叨为国为民侠之大者，而这个概念不是从古书里学的，而是打郭靖那里学来的。我们一直念叨自利反钝大巧不工，这个概念不是从古书里学来的，是从独孤求败那里学来的。我们一直念叨清虚无为自由自在，这个概念不是从古书里学来的，是从令狐冲那里学来的。
就像《庄子》是通过讲寓言说道理似的；我的许多道理，是不知不觉从金庸小说里学来的——嗯，就像《庄子》庖丁解牛游刃有余的道理，我还是从《书剑恩仇录》里学的；道家以柔克刚的道理，是因为看了周伯通跟郭靖说的“这饭碗是空的才能装饭，若是一块实心的，有什么用？”
我是因为金庸小说，才知道了花剌子模、拖雷、哲别、木华黎与赤老温，知道了黑水河之围，知道了福康安与兆惠，知道了沈德潜，知道了肃州的烘饼，知道了耶律洪基与高升泰，知道了大理天龙寺与西夏灵州城，知道了嘉兴烟雨楼，知道了索额图与明珠，知道了葛尔丹，知道了苏菲亚公主、彼得大帝与查理十一世，知道了扩廓帖木尔。
也看到了萧峰的豪迈，郭靖的持重，杨过的至情至性，胡斐的任侠好义，令狐冲的自由自在。也许因为从小读惯了这些，对这些英雄人物生了自然而然的向慕吧？
——就像我有一个姑娘编辑，说她平生打拼过来，全靠一句话撑着：赵敏对范遥那句，“我偏要勉强。”
作者是可以影响到读者，使他们集体人格内化的。
罗大佑说你听一首歌分钟，你的人生就被改变了分钟。
而我们现在经历的人生，也基本可以说，是被金庸小说改变过了的人生。说金庸小说多少影响了我们这一代读者的性格——比如让我们更向慕英雄，但也更中二了——并不太过。
而他的小说，大概也是极少数在任何华人地区都通行无阻的作品了。
至于了解到他本人的身世，琢磨他小说里每个细节对应着什么，察觉他早年战斗精神昂扬时的做派，察觉他早年对父仇的执念，到后期的逐渐和解，察觉他在写作这些小说到修订完成近三十年间，对世事态度的渐次变化，那太复杂了，这里也不适合多提。
我们读小说的，还是将事情先留在小说里吧。
两年前他岁生日时写过个文，提到过：很希望我可以回到一种“从来没读过金庸小说”的状态去。如此好重新开始。
当然，我现在还是喜欢重读他的书。读金庸熟了之后，每次重读，都像是孩子上游乐园，可以径直去自己喜欢的段落。因为已经没有悬念，没有紧张，只剩读那一段儿的愉快了。
有朋友喜读情情爱爱的段落，看见张翠山与殷素素、张无忌与赵敏的纠葛就来劲；有朋友喜读男儿慷慨的段落，捧着胡一刀大战苗人凤便不撒手。爱读豪气干云的，翻到乔峰去聚贤庄就血脉贲张。爱读金戈铁马的，会死读成吉思汗与账下诸将那些句子。
我甚至有朋友，专爱看桃谷六仙扯皮，还一本正经跟我说：
“别看他们说的都是胡扯，就是好看，逻辑上还真不易驳倒，跟说相声似的……”
我们这些重读党，每次重读，都像是找一个任意门，重新回到金庸的武侠世界。看久了，悲情的部分也不悲情了，于是只剩下一个虚拟的世界，仿佛古代人看山水画而向慕生活在其中似的。萧大侠死在雁门关了吗？没关系，我们还是可以去无锡松鹤楼，看他和段誉斗酒；洪七公和欧阳锋拥抱着死在华山了吗？不要紧，我们可以立刻回到他和郭靖黄蓉初次见面时，去问黄蓉要鸡屁股吃，还吃了“二十四桥明月夜”、“玉笛谁家听落梅”……
仿佛大家都是老熟人似的。
所以我没事爱写金庸小说里乱七八糟的东西，从饮食打架写到名字回目，只因每次写这个，都仿佛是种重读和复习，是在重新闲逛金庸宇宙。
就像喜欢没事聊金庸小说的诸位，一个道理。
但第一次读的体验？我还记得，那是年代初。我当时手头有《书剑恩仇录》上卷，没有下卷；《鹿鼎记》只有前四卷，没有第五卷；《射雕英雄传》从洪七公中毒受伤后，后半本消失了；《天龙八部》没有第二卷，所以看着段誉被鸠摩智捉走，忽然第三卷主角变成乔峰与阿朱，觉得莫名其妙。
后来看到《书剑恩仇录》后半部分，陈家洛在大漠之上，遇到香香公主，小说氛围立刻又天翻地覆，终于迷城玉峰之类情节齐出，真是弄雨翻云。看到洪七公在华山顶上恢复武功，大义凛然斥责裘千仞，简直心花怒放。看到乔峰拜庄与雁门关七日七夜，才重新明白了小镜湖的含义。
回想起来，第一次读时，还来不及去体会深文奥义，只讲究看故事的时候，才是最动人的体验，一曲一折，一跌一宕。
很可惜，除非失忆，我很难回到“从来没读过金庸”的阶段了。这种一次性的美妙快感，结束了。
所以，还没读过金庸的诸位，你们是多幸福啊。
嗯，扯远了。
这就是我作为读者的想法：为什么我们会这么难过？
因为某种程度上，我的阅读习惯、爱好甚至性格的某些侧面，是金庸作品塑造的；某种程度上，金庸宇宙是我们的快乐来源，随时可以回去跟所有老熟人打招呼。某种程度上，我们都是金庸先生小说潜移默化过的徒子徒孙。
所以对金庸先生的感情，不是指望他再来个新版啥的，而是，希望他健康长寿，纯粹是出于感激，希望写出此等作品、给予我们如此美好体验的人可以仙福永享。
所以他逝去了，倒不是“啊从此没得读了”，毕竟三联版十四部已经屹立垂四十年。所以更多是觉得可惜：“本希望他多享几年清福的呀！”
以及，“我们自己的一部分，永远消失了。”
年加西亚·马尔克斯逝世时，我这么念叨过：
我们有生之年，第一次经历这种“超级大师活在我们的时代”到“超级大师逝世了”。就像年世界人民知道托尔斯泰过去了、那种感受？这种感觉就像是：只要马尔克斯活着，哪怕他不再写小说了，你总觉得还有个念想；他过去了，一部分经验就真的成历史了。说句不太吉利的：如果有朝一日，金庸先生也解脱尘俗了，我大概也会有这种感觉。
虽然许多人的逝去结束了许多个时代，虽然对我而言，十四部三联版之后就满足了，但金庸先生逝世，依然是，对我这代人真正的，一个时代逝去了。
世人身处无常里，却又不解无常。这大概就是我们的习惯：每次回去重读金庸小说，甚至希望回到从未读过他小说的过程，想重新开始，归根结底，都是希望什么都不要变，万物原样。
“给我们构建了这样一个世界的人，多希望他能继续好好地活着，就像暗示我们，少年时刚读他作品的我们，都还在呢；而现在，他逝去了，我们的一部分也永远消失了。”
当然，回头想想，如果真拖着他老人家一路风烛残年，也未必是好。
《飞狐外传》结尾，袁紫衣离去了。《雪山飞狐》结尾，必有一个人会死。《连城诀》结尾，狄云离开了尘世回到雪谷。《天龙八部》结尾，段誉们悄然离开。《射雕英雄传》结尾，郭靖和黄蓉作别了成吉思汗。《白马啸西风》结尾，李文秀离开了大漠回去中原。《鹿鼎记》结尾，韦爵爷飘然出世享福去了。《笑傲江湖》结尾，莫大先生一曲琴赠送令狐冲后飘然而去。《书剑恩仇录》结尾，陈家洛们举众西去。《神雕侠侣》结尾，杨过在华山顶上告别了所有人，郭襄眼泪涌出。《侠客行》结尾是个我们知道谜底的谜题。《倚天屠龙记》结尾，张无忌退出了江湖。《碧血剑》结尾，袁承志带大家去了海外。《鸳鸯刀》结尾是个玩笑。《越女剑》结尾，西子捧心，而范蠡正要带她走。
大多数的过程，都慷慨豪迈；大多数的结尾，都是离别与退出。
譬如陆无双与程英看白云聚散，人世离合；譬如扫地僧说“尽归尘土，消于无形”。譬如小昭唱给张无忌听“到头这一身，难逃那一日。受用了一朝，一朝便宜。百岁光阴，七十者稀。急急流年，滔滔逝水。”
《天龙八部》里，玄痛大师圆寂，徒弟们还不解，玄难说道：
“玄痛师弟参悟真如，往生极乐，乃是成了正果，尔辈须得欢喜才是。”
当年《天龙八部》结尾，段誉看着慕容复，想“各有各的缘法，安知他自己不是平安喜乐”。如今他老人家去了，也算是解脱。
这么想想，也好。
您看，连我们悼念他的宽解之词，都是他教我们的。
"
喝咖啡真比吃大蒜高雅洋气么？,https://zhuanlan.zhihu.com/p/25890847,"我国有位颇为洋气、甚讲派头的演员，曾如此划分人群：
吃大蒜的，喝咖啡的。
这位先生自居喝咖啡的一族，对吃大蒜的，似乎无甚好感；大约他先生洋气得很，会觉得大蒜与咖啡，应该泾渭分明，道不同不相与谋。
话说，地中海沿岸的欧洲人，尤其是现代法国人听了“咖啡比大蒜洋气”，会做何想法呢？
在地中海沿岸历史上，蒜是上帝赐福的神物。
西方医学的老祖宗希腊的希波克拉底先生，认为大蒜无所不能：可以利尿，可以通便，可以发热御寒，简直是天赐之宝；和希腊特产的橄榄油一配合，天下无对。
古希腊人航海，吃大蒜、橄榄油就鱼，胜似天堂。妙在吃大蒜杀菌解毒，不易生病，还能当药使，神了。
十字军时期，西欧骑士健康状况都差，但吃上了大蒜，防疫能力飞升，一时百毒不侵。于是中世纪末期，大蒜流行西欧，乃是防瘟疫治感冒的万灵丹，对付黑死病的杀手锏；甚至有欧洲人挂一串大蒜在脖子上代替十字架，还能对付妖魔鬼怪。
在哥伦布发现新大陆之前，地中海居民主要的人生乐趣，便是将大蒜捣碎，配上荷兰芹，蘸鱼、蘸面包、蘸烤肉，无往而不利！
现在举世向往的法国蔚蓝海岸，有普罗旺斯风味。
普罗旺斯风味为何呢？答：大蒜味。
世纪时，诸位在巴黎的大师，每到冬天就头疼脑热，心情阴郁，要去南方。大仲马说，他坐在马车里，都能觉得车子进了普罗旺斯。为什么？因为闻到了健康、丰硕、活泼、健壮的大蒜味。
没到过普罗旺斯的人，总想象普罗旺斯是薰衣草味、玫瑰味、晚香玉味。然而对法国人而言，普罗旺斯主要的动人处，就是大蒜。
将大蒜捣碎，与橄榄油拌上，是任何普罗旺斯菜的基本调味风格。
蛋黄酱里加橄榄油大蒜，与意大利干酪丝一配，往鱼汤里倒，就是著名的马赛鱼汤。
一锅贻贝，用大蒜焖煮出来，就是普罗旺斯风味。
烤得的面包要蘸蒜蓉蛋黄酱，吃鹅螺时店主如果体贴，会端上蒜泥。
每年夏天，尼斯有点门路的海鲜店，会自制大蒜蛋黄酱：大蒜、鸡蛋、芥末，合理勾兑，新鲜冲鼻。吃海鲜或面包不就蒜，店主根本没法开门做生意。
非只普罗旺斯如此。西班牙只要是靠海地界，多爱吃蒜。
塞维利亚和巴塞罗那都有一道下酒小菜，做来极简单：橄榄油、蒜蓉、红辣椒，用来焖虾，焖熟了吃。
这里还有讲究。中国人讲究热油炒葱姜蒜来炝锅，但西班牙人觉得不妥。蒜的味道是多么细腻有味，怎么能用热油炒呢？要保持油温平衡，慢慢地将蒜味焖出来，再来焖虾，如此才有鲜美的海味啊。
上道的老板，你等菜时，先上一篮子面包，一碟大蒜，大家立刻笑逐颜开。
哪位会问了：咖啡呢？
欧洲人也爱咖啡，但咖啡在西方世界，历史实在不长。
咖啡源出阿拉伯世界，从东往西传播，先是在意大利登陆。所以，至今咖啡里的许多术语，都是意大利词。比如浓缩咖啡，比如“拿铁”，意大利语写作Cè，法语写作C，读作“欧蕾”，其实意大利语和法语，都是牛奶。
在欧洲人概念里，咖啡是东方玩意儿，年，大马士革就有咖啡馆了；年前后的伊斯坦布尔，奥斯曼帝国的人管咖啡叫“黑色金子”。而荷兰人大概在世纪到来前几年才见到咖啡豆：多亏了威尼斯人的慷慨。
咖啡刚到欧洲时，许多人不满意。一是味道太怪异啦：年，有位叫乔治·桑兹的先生写道：“咖啡颜色如煤烟，味道也和煤烟大同小异。”
最初卖咖啡的人们，并不强调咖啡的美味香浓。伦敦第一家咖啡馆，开在圣迈克尔·康希尔坟场——现在谁会把咖啡馆开在坟场呢？
当时的咖啡馆老板帕斯奎·罗西先生，对外打的口号是：咖啡可以治头疼，治感冒不通气，治肠胃气胀，治通风，治坏血病，防止流产，治眼睛酸痛等，您是卖饮料还是卖药来着？
意大利人喝咖啡抢了先，威尼斯年出现了街头咖啡馆。
就是说，欧洲第一家街头咖啡馆，是明朝灭亡那年之后。巴黎人后来居上，年巴黎新桥，也有了自己的咖啡馆；又过一百来年，法国大革命前夕，巴黎的咖啡馆突破两千。
您大概明白了：
相当于中国春秋战国那时候，地中海沿岸居民就狂吃大蒜。
相当于中国清朝开国那时候，西欧人才开始喝咖啡。
大蒜在欧洲的历史之悠久，在法国菜中的地位，都是极高的。
直到今时今日，依然如此：
年，法国每年人均吃掉一斤半大蒜；人均消费咖啡公斤——当然，后一个算上了水的分量。
也就是说，法国人喝咖啡吃大蒜两不误，肚里的大蒜不一定比咖啡豆少。越往南，比如马赛、戛纳和尼斯，人民越是离不开大蒜，对咖啡，怕还无所谓些——法国南部居民和意大利、西班牙人一德行，冬天短，阳光多，平日动不动就直接之类酒精饮料了。
尼斯或戛纳这种爱吃大蒜胜过咖啡的风尚，是因为他们不够洋气么？
您想必已经明白，这中间的乖谬之处了。
以消费习惯来划分不同群体，不算错。但靠消费习惯来暗示群体的高下，就
可能不够全面。
至于有人觉得“喝咖啡就比吃大蒜高雅”，那不是借着信息不对等蓄意误导，就可能是认知有限。
直白点说，企图靠标榜咖啡比大蒜高雅，来凸显本身洋气的……要么是本身见的世面有限，要么就是把受众群都想象得没见过世面了。前一种是自己见识不广，后一种，那就是把观众当笨蛋了。
如果在年，您跑去尼斯老城海边的英国走廊，对就着大蒜喝马赛鱼汤的诸位大吼：“你们没有隔壁喝咖啡的高雅”，南法人、意大利居民和来度假的英国人一定目瞪口呆，心想：
“神经病！”
"
哪有酒后乱性？都是酒壮人胆才露本性,https://zhuanlan.zhihu.com/p/25768069,"“压根就没有酒醉乱性这事，都是借口。喝醉了，要么想吐，要么想睡。还乱性？眼睛都睁不开，哪来力气乱性？酒后就是，有胆子了，心里喜欢的人，心里喜欢的事，敢说了，敢做了，自己也就明白了。”
说完这段话，他将杯子朝我顿了顿，晃了晃脑袋。
姑且叫他热干面好了。
机缘巧合，热干面曾经与一个女孩子当过合租室友——姑且叫那个女孩子绿豆浆吧。
那时他们都年轻，男未婚女未嫁。机缘巧合住在一起。各一个卧室自带洗手间，共享一个客厅。既有隐私区域，又有公共空间。彼此相处还算愉快。白天各自做事，晚上回来，心情好就一起在客厅分两处做活：绿豆浆冬天偎在沙发上，抱着一个热水袋收拾PPT；热干面坐在桌边敲键盘。
俩人品貌也算相当，兴趣也无不合。这种环境，似乎出点什么事，都理所当然：年轻人犯错误，上帝都会原谅嘛。何况二人都是远在他乡大城市，似乎怎么都无所谓。
“但就是，谁都迈不出那步。”
原因也不难解释。热干面是个规矩人。绿豆浆则很静。绿豆浆年纪长三岁——当然容貌不显，她是有点娃娃脸的那种美人——在故乡有一个父母口头约定了的娃娃亲。当然了，这个时代，类似障碍形不成束缚。如果俩人彼此喜欢，躲在大城市做对小鸳鸯，也没什么。这时代，谁会一下子规划到白头偕老呢？远水难解近渴，就势勾兑在一起，走一步看一步，也不是大问题。
但热干面不是这个性子的人。
他觉得绿豆浆是个好姑娘。很好。但他没做好准备。那些障碍隐隐约约地，限制着他。热干面大概知道，如果自己要跟绿豆浆发生点什么呢，人家未必会拒绝；但此后怎么办呢？热干面的性子：非得材料预备齐，一起下锅炒才行。读书读到一半觉得闷，也会坚持读完。他讲个善始善终。在一起不难。如果之后走不下去呢？她可是个好姑娘啊。
于是，如此，每天，晚饭后，热干面和绿豆浆在客厅里各敲各的键盘，偶尔有人起身去厨房拿杯水喝，给另一个倒一杯。大家都有默契，温文尔雅的好室友。
“简直已经像老夫老妻了。”热干面如此形容。
“然后，就，就那次喝醉了。”热干面说。
具体情状，他当然没跟我说，总之是，前一天晚上喝醉了，次日热干面醒来发现自己在绿豆浆的枕头上。俩人睡姿妥帖得严丝合缝，卷绕缠抱，活像，“上海人早饭吃的那种，粢饭团”。
当然大家都是成年人，懂得怎么应对这尴尬的场景。找个借口各自上班，不必第一时间面对彼此了。黄昏时各自到家，已经都过了忐忑不安的时段。“啊回来了？”“回来了。”“今儿天可有点冷啊。”“可不。”
几句家常话一过，各回各屋，热干面简直都怀疑：昨晚上真发生了什么吗？
那天黄昏，热干面像个贼似的搜寻房间。冰箱里少了一瓶冰红茶。酒柜里少了一瓶威士忌。橱柜里的花生有人动过。有个平时放在阳台上的坐垫，在客厅沙发旁出现了。
找着找着，热干面逐渐推想出一些细节，越来越真切：他俩在客厅里席地而坐来着；好像是，他俩在客厅里威士忌兑红茶喝酒来着；好像是，还吃花生来着；越想越多，他好像还回忆起，绿豆浆喝了两口酒，掩口咳嗽，眼白泛红的样子。
仔细想想，好像都记得。但绿豆浆不提，热干面好像也不怎么好提。
所以就这么过去了？
似乎也不大对。
故事说到这里时，热干面眼睛已经有些红。他用杯子顿着桌子，对我说：
“所以我是真笨啊！我是真蠢啊！”
按照热干面的口气，我猜测，他越追想那一晚，越能想起许多缱绻温柔的细节，估计他觉得那一晚过得实在美妙——嗯，用他自己的话说，“我越回忆，越觉得自己要爱上她了”；但，他看绿豆浆淡淡地，不当回事，也不提，心里多少有些毛毛躁躁。
——男人许多时候很天真，并不知道女孩子是矜持的，不能主动张口问。热干面就是如此。想不透，就瞎猜。男人瞎猜起来，偶尔会显得冷淡。
他俩没在事情发生那两天摊牌，错过了最好的时机。之后，便冷了下来。
又入冬了。年底了。绿豆浆建议吃锅子。吃呗。喝点儿酒吧？喝呗。酒过三巡，俩人脸泛红，绿豆浆斜睨着热干面，眼白泛红。那会儿，热干面想起来了：之前那一夜，真真切切，这一幕太熟悉了。
之后又这么过了一个，热干面不跟我说细节的晚上。
次日早上，热干面醒来时，绿豆浆已经走了。给他发了短信，说回家过年，顺便讨论，是不是回老家工作——毕竟老家也有些人，有些事，总催她回去，也许就要回去。
房子呢，暂时还不退租，也许还回来住呢。
也许。
“我是不是显得不太爷们？”热干面问我。
“就这样，稍微，有点儿。”我说。“你该主动点啊。”
热干面说，在当时那个没有了绿豆浆的空荡荡的房间里，他才觉得，自己彻底爱上了她。以前是隐隐约约，喝醉那晚上之后醒觉；之后，有点冷下来，到这会儿，直冲天际。
他是个善始善终的人，所以呢：
“于是我拉上我爸妈，买了机票，去到她老家，当场提亲。他爸妈都被这场面吓到了，以为我们要去打架呢！”
之后自然免不了各种事。退亲、订亲、你来、我往。事情还挺琐碎的。但这都无所谓了。娃娃亲这种东西是父母把孩子拴在故乡的借口，要退不难。两边双亲忙着，他俩反而可以回大城市了。那时自然就不是室友，而是同居男女朋友了，但热干面之后又勤谨地跑了绿豆浆故乡好几次，惹得左邻右舍都说这个没过门女婿很靠谱——热干面就是这种脾气：一旦开始了，就要善始善终嘛。
据热干面说，那年过年时，他俩在老家的厨房里，一边端菜，一边彼此微笑。绿豆浆说：
“喝了两次酒，脑门子一热，就这样定一辈子了？”
热干面说，他当时对绿豆浆如是道：
“压根就没有酒醉乱性这事，都是借口。喝醉了，要么想吐，要么想睡。还乱性？眼睛都睁不开，哪来力气乱性？酒后就是，有胆子了，心里喜欢的人，心里喜欢的事，敢说了，敢做了，自己也就明白了。”
“嗯，是真爱。”我说。
“就是真爱！就恨我知道太晚！要不然，怎么能让她受那委屈！”
"
让陶崇园死得不明不白的，到底是什么？,https://zhuanlan.zhihu.com/p/35329586,"今天是清明节。
谨此，向武汉已故的陶崇园表哀悼之情。
——打上面这行字时，本想打“陶崇园同学”，再一想，大概他临终时最绝望的，便是无法摆脱学生这个身份吧？
毕竟，有这个身份在一天，那位老师就未必放得过他。
从何时起，学生这个身份，如此卑微了呢？
看这件事几天，进度大出我意料。
我原想着，给高校几天反应的时间，看看他们采取何种措施。
我知道高校反应有多慢，确切说，我知道那个年纪的人们反应有多慢：他们与互联网身处于两个世界。全世界用手机讨论得沸反盈天，学生们自己都知道之时，上头的先生们（我不太想称呼他们为老师，这个之后说），怕还在忙着开会、在有限的几个群里说些小圈子闲话，对互联网上的事听之任之；直到大规模讨论逼来，他们才会打个电话（是的，他们更习惯打电话或发语音），“喂，近来说的那个事情是怎么回事呀？跟我们有关系吗？有没有连带责任呀？”
然后，聪明的先生们，自然懂得趋吉避凶，断尾求生。
在互联网时代，聪明的做法是先诚恳道歉，宣布与此事无关甚至说某某是临时工，然后采取后续姿态。
然而这一次，大学并没这么做。他们采取的是互联网时代里最过时的做法：断，掐，封，不讨论；还让当事人亲属出来，说几句显然与之前自相矛盾的话，生怕观者看不到幕布后面的影子。
由此事情已经从可恶可恨，进化到可悲可叹，进化到荒诞了。
——我将文章发在这里，而不放在回答区，本身就已经算一种将就之法，这有点滑稽：一个大学，如此大的能量。
根据大量已有记录，我们其实不难猜测陶崇园遭遇了什么。
——我们只能猜测，因为，您看，昨天豆瓣上的一条：
?A？的广播周围一直有学校领导晃来晃去，他们把花也拿走了。时间到了大家只是静坐。一个男生走出来喊了一嗓子：“真相在哪里？学校领导要不要管？你们要不要真相？”有一两个人说：“要！”又有一个男生接了一嗓子：“学校要不要逼脸？”领导说，把他带走。
人逝世了，居然还死得不明不白的？
果然是个厚德博学的好学校。
我们诧异，是因为一种超出我们认知的可恶。
如果已故的陶崇园不是一个学生，而是个，比如说，工人；那位老师不是导师，而是，比如说，资本家，我们也许会少诧异一点：毕竟在普遍认知里，资本家压榨甚至凌辱工人，是资本的天性，固然可恨，但没这么令人瞠目结舌的可恨。
这一点也适用于近来层出不穷的学院丑闻。丑闻到处都有，但何以令我们诧异？
因为在普遍认知里，学校至少该是最后一片净土才是，“为人师表，读书人啊！”
当然，这里有个认知与事实的区别。
在中国人普遍的认知，或者说，理想的传统教育里，一日为师终身为父，为人师表应当仁至义尽。
在现代教育体系里，老师与学生其实更类似于经济交易关系：老师教授学生知识（相当多知识其实是社会谋生技能），学生付出学费；当然，学生家庭需要纳税，部分纳税转移为教育经费投在老师身上。这其实是一个学生交钱、老师授艺的双向过程，是一种一手交钱一手交货的商业关系。
一种矛盾是：在中古时期，教师与学生，譬如师傅与学徒，多少带有人身依附的关系，当然理想状态是师待徒以仁，徒待师以顺。但现在商业社会，理论上，是不必存在这种关系的了。
这就是灰色地带了。
大家尊重的好老师，是在一手交钱一手交货的商业过程里，依然表现出关爱学生的姿态。
大家仇恨的坏老师，是在现代商业社会里，依然摆出一副“徒弟都要听师傅的”这种中世纪剥削嘴脸。
在这种关系里打擦边球，就容易得出各种丑闻：包括老师对学生的奴役，甚至性侵。
在商业社会下，依然扭曲着一种中古人身依附的姿态，最容易出这类勾当——说白了，什么便宜都想占。
更残忍的现实是，通过陶崇园的身后事，我们多少可以明白：
我们此刻所处的世界，教师与学生，教师与大众，既不是传统的师徒父子关系，也不是商业化的教艺学艺关系，而是我们不能多说，说了就可能被删掉的关系。
老师啊老师，你们都是老师啊，我们敬重地向你们学艺，你们给我们上课传道，这就是我们彼此的义务与责任了——是谁给你们这么大能耐的呢？
半个世纪前，钱钟书先生写《围城》。里面如此提导师制。
伪君子李梅亭忽悠道：
“牛津剑桥的导师制缺点很多，离开师生共同生活的理想很远，所以我们行的是经改良，经部核准的计划……师生间隔膜得很。这亦得改良，咱们以后一天三餐都跟学生同桌吃——”
而多少代表钱钟书自己意见的方鸿渐立刻官方吐槽：
“干脆跟学生同床睡觉得了！”——嗯，什么好经，到了坏和尚嘴里，都得念歪了。
高松年开始打官腔，于是，方鸿渐想：
高松年像个人不到几分钟，怎么又变成校长面目了？
所以方鸿渐问了一句直指人心的话，也是钱钟书先生自己的疑问：
“怎么学校里还有这许多暗斗？倒不如进官场爽气。”
半个世纪之后的今天，情况好转了吗？
今早，我与一个武汉朋友聊天，彼原话如是说：
高校去行政化提了好几年但是愈演愈烈了大概尝到甜头了吧，有前途热爱教学的高校老师生存环境并不好心态放平，没有其他企图心就可以不管那么多，上好自己的课，做好自己的学问就很开心但会为大环境感到不公平
我们的时代自然有好老师，有许多好老师，有许多热爱上课、热爱教学事业的好老师。他们没有企图心，上好课就很高兴了。
但他们生存环境并不好。
那么我就奇怪了：哪种老师生存环境好呢？
用排除法，很容易得到结论。
然而，师者，传道受业解惑而已，那些不热爱上课授艺做学问的老师，都在忙着干什么呢？
忙着获取学生坠楼后，导师可以不受追责，可以不讨论的能力吗？
那他们还能被称为老师么？
我在前头说，我不想称呼这类人为老师，就因为这个。
我们理想中的彼此尊重，学习知识。
现实社会应有的专业传授，知识传承。
变成了现在，中世纪式的人身依附、人身奴役，幽暗不明，圈子封闭，有苦难言，居然还上能通天，死无对证，硬生生将那位老师与责任隔开。
这个奇怪的产物，是如何从平实的教学相长关系里变出来的？
其实我们都明白的，对吧？
"
